Order_ID,Order_Date,Ship_Date,Ship_Mode,Customer_ID,Customer_Name,Customer_Type,State,City,Country,Product_ID,Category,Sub_Category,Product_Name,Unit_Price_INR,Quantity,Discount_Pct,Sales_INR,Cost_INR,Profit_INR,Payment_Method,Delivery_Days,Customer_Rating,Returned,Return_Reason,Year,Month,Month_Name,Quarter,Profit_Margin_Pct
ORD00001,2025-06-01,2025-06-04,Express Delivery,CUST0151,Sneha Sharma,Small Business,West Bengal,Kolkata,India,12,Home Appliances,Washing Machines,Samsung 7kg Washing Machine,32641.43,2,0.15,55490.43,48809.37,6681.06,Cash on Delivery,3,4.1,No,Not Applicable,2025,6,June,Q2,12.04
ORD00002,2025-08-21,2025-08-26,Standard Delivery,CUST0147,Rohan Singh,Consumer,Karnataka,Mangaluru,India,14,Home & Furniture,Furniture,Wooden Study Table,6495.37,2,0.1,11691.67,8774.97,2916.7,Credit Card,5,4.5,No,Not Applicable,2025,8,August,Q3,24.95
ORD00003,2025-02-22,2025-02-25,Express Delivery,CUST0151,Sneha Sharma,Small Business,Rajasthan,Jaipur,India,13,Home & Furniture,Furniture,Nilkamal Office Chair,8316.36,4,0.25,24949.08,21803.09,3145.99,Debit Card,3,4.7,No,Not Applicable,2025,2,February,Q1,12.61
ORD00004,2025-09-10,2025-09-15,Standard Delivery,CUST0007,Simran Reddy,Corporate,Telangana,Warangal,India,10,Home Appliances,Kitchen Appliances,Prestige Mixer Grinder,4857.67,2,0.2,7772.27,7005.6,766.67,Net Banking,5,4.3,No,Not Applicable,2025,9,September,Q3,9.86
ORD00005,2025-05-25,2025-06-01,Standard Delivery,CUST0071,Kavya Nair,Consumer,West Bengal,Howrah,India,4,Electronics,Laptops,HP 15s Laptop,59275.74,1,0.0,59275.74,45659.44,13616.3,UPI,7,3.8,No,Not Applicable,2025,5,May,Q2,22.97
ORD00006,2025-02-27,2025-03-02,Standard Delivery,CUST0148,Vikram Sharma,Corporate,Karnataka,Bengaluru,India,9,Home Appliances,Kitchen Appliances,Philips Air Fryer,8810.03,3,0.15,22465.58,19383.26,3082.32,Credit Card,3,4.0,No,Not Applicable,2025,2,February,Q1,13.72
ORD00007,2025-02-27,2025-03-06,Standard Delivery,CUST0044,Pooja Patel,Corporate,West Bengal,Kolkata,India,15,Home & Furniture,Home Decor,LED Table Lamp,1350.23,4,0.1,4860.83,2923.28,1937.55,Credit Card,7,3.6,No,Not Applicable,2025,2,February,Q1,39.86
ORD00008,2025-02-23,2025-02-25,Express Delivery,CUST0118,Divya Rao,Corporate,Telangana,Hyderabad,India,11,Home Appliances,Refrigerators,LG 260L Refrigerator,29895.1,1,0.2,23916.08,22938.81,977.27,UPI,2,5.0,No,Not Applicable,2025,2,February,Q1,4.09
ORD00009,2025-07-05,2025-07-11,Standard Delivery,CUST0060,Simran Kulkarni,Small Business,Delhi,Delhi,India,5,Electronics,Laptops,Lenovo IdeaPad Slim 3,53830.05,5,0.25,201862.69,207949.4,-6086.71,Debit Card,6,3.1,No,Not Applicable,2025,7,July,Q3,-3.02
ORD00010,2025-11-08,2025-11-13,Standard Delivery,CUST0030,Vikram Joshi,Consumer,Uttar Pradesh,Lucknow,India,5,Electronics,Laptops,Lenovo IdeaPad Slim 3,54306.5,1,0.05,51591.18,42713.32,8877.86,Credit Card,5,5.0,No,Not Applicable,2025,11,November,Q4,17.21
ORD00011,2025-10-10,2025-10-14,Express Delivery,CUST0177,Meera Patel,Small Business,Uttar Pradesh,Kanpur,India,9,Home Appliances,Kitchen Appliances,Philips Air Fryer,8679.63,2,0.05,16491.3,13284.48,3206.82,Wallet,4,3.8,No,Not Applicable,2025,10,October,Q4,19.45
ORD00012,2025-03-19,2025-03-22,Standard Delivery,CUST0110,Rahul Sharma,Consumer,Maharashtra,Mumbai,India,13,Home & Furniture,Furniture,Nilkamal Office Chair,8163.46,1,0.2,6530.77,5447.76,1083.01,Credit Card,3,4.5,No,Not Applicable,2025,3,March,Q1,16.58
ORD00013,2025-09-16,2025-09-22,Standard Delivery,CUST0123,Ravi Patel,Small Business,Tamil Nadu,Chennai,India,12,Home Appliances,Washing Machines,Samsung 7kg Washing Machine,31742.99,2,0.2,50788.78,48902.05,1886.73,Debit Card,6,3.6,No,Not Applicable,2025,9,September,Q3,3.71
ORD00014,2025-09-09,2025-09-11,Express Delivery,CUST0038,Isha Gupta,Consumer,Delhi,Delhi,India,15,Home & Furniture,Home Decor,LED Table Lamp,1283.23,2,0.2,2053.17,1501.26,551.91,Debit Card,2,4.0,No,Not Applicable,2025,9,September,Q3,26.88
ORD00015,2025-05-13,2025-05-17,Standard Delivery,CUST0029,Meera Patel,Small Business,Maharashtra,Mumbai,India,10,Home Appliances,Kitchen Appliances,Prestige Mixer Grinder,4817.38,3,0.0,14452.14,10576.11,3876.03,Debit Card,4,2.8,No,Not Applicable,2025,5,May,Q2,26.82
ORD00016,2025-12-02,2025-12-09,Standard Delivery,CUST0095,Sanjay Iyer,Corporate,Telangana,Warangal,India,8,Electronics,Audio,boAt Airdopes 141,1488.41,1,0.15,1265.15,920.21,344.94,Debit Card,7,4.9,No,Not Applicable,2025,12,December,Q4,27.26
ORD00017,2025-10-04,2025-10-09,Standard Delivery,CUST0005,Sanjay Nair,Corporate,Tamil Nadu,Coimbatore,India,6,Electronics,Televisions,Samsung 43-inch Smart TV,41988.81,1,0.1,37789.93,33227.18,4562.75,UPI,5,3.6,No,Not Applicable,2025,10,October,Q4,12.07
ORD00018,2025-12-16,2025-12-20,Standard Delivery,CUST0107,Rohan Iyer,Consumer,West Bengal,Kolkata,India,17,Fashion,Womens Wear,Biba Kurti,2548.63,1,0.15,2166.34,1422.55,743.79,Credit Card,4,4.1,No,Not Applicable,2025,12,December,Q4,34.33
ORD00019,2025-03-19,2025-03-24,Standard Delivery,CUST0130,Pooja Joshi,Consumer,Rajasthan,Jodhpur,India,19,Beauty & Personal Care,Skincare,Lakme Face Cream,699.65,3,0.2,1679.16,1172.25,506.91,Credit Card,5,3.6,No,Not Applicable,2025,3,March,Q1,30.19
ORD00020,2025-07-21,2025-07-24,Express Delivery,CUST0039,Ananya Patel,Small Business,Tamil Nadu,Madurai,India,12,Home Appliances,Washing Machines,Samsung 7kg Washing Machine,31923.38,1,0.05,30327.21,24782.66,5544.55,Debit Card,3,3.4,No,Not Applicable,2025,7,July,Q3,18.28
ORD00021,2025-04-21,2025-04-26,Standard Delivery,CUST0008,Ananya Gupta,Consumer,Delhi,Delhi,India,19,Beauty & Personal Care,Skincare,Lakme Face Cream,721.35,1,0.05,685.28,392.52,292.76,UPI,5,3.9,No,Not Applicable,2025,4,April,Q2,42.72
ORD00022,2025-12-16,2025-12-20,Standard Delivery,CUST0075,Sneha Iyer,Consumer,Karnataka,Mysuru,India,9,Home Appliances,Kitchen Appliances,Philips Air Fryer,8934.49,1,0.1,8041.04,6688.13,1352.91,Wallet,4,2.7,No,Not Applicable,2025,12,December,Q4,16.83
ORD00023,2025-05-14,2025-05-16,Express Delivery,CUST0118,Divya Rao,Corporate,Maharashtra,Pune,India,19,Beauty & Personal Care,Skincare,Lakme Face Cream,700.96,3,0.15,1787.45,1168.36,619.09,Wallet,2,4.6,No,Not Applicable,2025,5,May,Q2,34.64
ORD00024,2025-05-20,2025-05-24,Standard Delivery,CUST0047,Kavya Kulkarni,Consumer,Kerala,Thiruvananthapuram,India,6,Electronics,Televisions,Samsung 43-inch Smart TV,42934.12,2,0.0,85868.24,67131.01,18737.23,UPI,4,3.6,Yes,Size/Fit Issue,2025,5,May,Q2,21.82
ORD00025,2025-01-13,2025-01-15,Express Delivery,CUST0168,Shreya Gupta,Corporate,Rajasthan,Jaipur,India,5,Electronics,Laptops,Lenovo IdeaPad Slim 3,52876.25,1,0.0,52876.25,41764.19,11112.06,Cash on Delivery,2,4.6,No,Not Applicable,2025,1,January,Q1,21.02
ORD00026,2025-05-17,2025-05-19,Express Delivery,CUST0162,Rahul Shetty,Consumer,Maharashtra,Nagpur,India,1,Electronics,Smartphones,Samsung Galaxy S24,71913.21,3,0.1,194165.67,158498.59,35667.08,UPI,2,4.1,No,Not Applicable,2025,5,May,Q2,18.37
ORD00027,2025-01-05,2025-01-09,Express Delivery,CUST0083,Vikram Kulkarni,Corporate,Kerala,Thiruvananthapuram,India,4,Electronics,Laptops,HP 15s Laptop,58838.89,1,0.1,52955.0,45368.82,7586.18,Debit Card,4,5.0,No,Not Applicable,2025,1,January,Q1,14.33
ORD00028,2025-05-25,2025-05-31,Standard Delivery,CUST0053,Manish Gupta,Corporate,Uttar Pradesh,Noida,India,7,Electronics,Audio,Sony WH-1000XM5 Headphones,30296.4,1,0.2,24237.12,22277.12,1960.0,Debit Card,6,2.9,No,Not Applicable,2025,5,May,Q2,8.09
ORD00029,2025-08-19,2025-08-22,Express Delivery,CUST0155,Rohan Rao,Consumer,Rajasthan,Jodhpur,India,1,Electronics,Smartphones,Samsung Galaxy S24,68000.55,3,0.15,173401.4,159128.17,14273.23,Cash on Delivery,3,3.0,No,Not Applicable,2025,8,August,Q3,8.23
ORD00030,2025-12-31,2026-01-03,Express Delivery,CUST0180,Vikram Singh,Corporate,Telangana,Hyderabad,India,8,Electronics,Audio,boAt Airdopes 141,1525.65,1,0.05,1449.37,911.88,537.49,Credit Card,3,4.6,No,Not Applicable,2025,12,December,Q4,37.08
ORD00031,2025-03-10,2025-03-15,Standard Delivery,CUST0148,Vikram Sharma,Corporate,Maharashtra,Pune,India,8,Electronics,Audio,boAt Airdopes 141,1494.44,2,0.05,2839.44,1848.31,991.13,Credit Card,5,4.1,No,Not Applicable,2025,3,March,Q1,34.91
ORD00032,2025-11-20,2025-11-26,Standard Delivery,CUST0133,Aditya Mehta,Corporate,West Bengal,Howrah,India,10,Home Appliances,Kitchen Appliances,Prestige Mixer Grinder,4826.6,3,0.05,13755.81,10233.71,3522.1,Net Banking,6,4.2,No,Not Applicable,2025,11,November,Q4,25.6
ORD00033,2025-04-11,2025-04-15,Standard Delivery,CUST0149,Sneha Shetty,Consumer,Maharashtra,Pune,India,1,Electronics,Smartphones,Samsung Galaxy S24,70510.14,3,0.1,190377.38,161018.31,29359.07,Cash on Delivery,4,4.5,Yes,Wrong Product,2025,4,April,Q2,15.42
ORD00034,2025-03-16,2025-03-21,Standard Delivery,CUST0038,Isha Gupta,Consumer,Tamil Nadu,Coimbatore,India,2,Electronics,Smartphones,Apple iPhone 15,67287.68,4,0.1,242235.65,221349.23,20886.42,UPI,5,2.7,Yes,Wrong Product,2025,3,March,Q1,8.62
ORD00035,2025-10-12,2025-10-15,Standard Delivery,CUST0063,Arjun Kumar,Corporate,Tamil Nadu,Coimbatore,India,18,Fashion,Footwear,Campus Running Shoes,2280.11,2,0.0,4560.22,2545.19,2015.03,Wallet,3,3.8,No,Not Applicable,2025,10,October,Q4,44.19
ORD00036,2025-08-03,2025-08-06,Express Delivery,CUST0179,Arjun Shetty,Consumer,Maharashtra,Nagpur,India,17,Fashion,Womens Wear,Biba Kurti,2511.96,1,0.1,2260.76,1412.22,848.54,Credit Card,3,4.3,No,Not Applicable,2025,8,August,Q3,37.53
ORD00037,2025-04-24,2025-04-27,Express Delivery,CUST0166,Kavya Kumar,Consumer,Rajasthan,Jodhpur,India,1,Electronics,Smartphones,Samsung Galaxy S24,71417.16,1,0.0,71417.16,53262.26,18154.9,Cash on Delivery,3,4.9,No,Not Applicable,2025,4,April,Q2,25.42
ORD00038,2025-11-19,2025-11-25,Standard Delivery,CUST0072,Aditya Mishra,Consumer,Karnataka,Mangaluru,India,5,Electronics,Laptops,Lenovo IdeaPad Slim 3,51880.1,1,0.1,46692.09,40502.61,6189.48,Cash on Delivery,6,2.6,No,Not Applicable,2025,11,November,Q4,13.26
ORD00039,2025-06-14,2025-06-17,Express Delivery,CUST0142,Priya Shetty,Corporate,Tamil Nadu,Coimbatore,India,7,Electronics,Audio,Sony WH-1000XM5 Headphones,30825.23,2,0.15,52402.89,43981.5,8421.39,Debit Card,3,3.4,No,Not Applicable,2025,6,June,Q2,16.07
ORD00040,2025-07-14,2025-07-15,Same Day Delivery,CUST0119,Rohan Patel,Consumer,Tamil Nadu,Chennai,India,5,Electronics,Laptops,Lenovo IdeaPad Slim 3,52719.23,2,0.1,94894.61,81976.44,12918.17,Cash on Delivery,1,4.8,No,Not Applicable,2025,7,July,Q3,13.61
ORD00041,2025-07-21,2025-07-25,Standard Delivery,CUST0158,Divya Rao,Consumer,Gujarat,Surat,India,17,Fashion,Womens Wear,Biba Kurti,2547.32,2,0.1,4585.18,2934.6,1650.58,Debit Card,4,4.6,No,Not Applicable,2025,7,July,Q3,36.0
ORD00042,2025-11-22,2025-11-24,Express Delivery,CUST0146,Sanjay Singh,Consumer,Gujarat,Surat,India,4,Electronics,Laptops,HP 15s Laptop,57550.43,2,0.0,115100.86,90986.16,24114.7,UPI,2,4.8,No,Not Applicable,2025,11,November,Q4,20.95
ORD00043,2025-10-14,2025-10-20,Standard Delivery,CUST0134,Simran Mehta,Consumer,Rajasthan,Jodhpur,India,12,Home Appliances,Washing Machines,Samsung 7kg Washing Machine,32177.57,2,0.1,57919.63,51014.32,6905.31,Credit Card,6,3.9,No,Not Applicable,2025,10,October,Q4,11.92
ORD00044,2025-01-29,2025-02-02,Express Delivery,CUST0149,Sneha Shetty,Consumer,Uttar Pradesh,Noida,India,4,Electronics,Laptops,HP 15s Laptop,58298.06,3,0.05,166149.47,136303.85,29845.62,Cash on Delivery,4,3.9,No,Not Applicable,2025,1,January,Q1,17.96
ORD00045,2025-02-05,2025-02-08,Standard Delivery,CUST0148,Vikram Sharma,Corporate,Maharashtra,Nagpur,India,17,Fashion,Womens Wear,Biba Kurti,2465.86,2,0.1,4438.55,2947.14,1491.41,Cash on Delivery,3,3.9,No,Not Applicable,2025,2,February,Q1,33.6
ORD00046,2025-02-08,2025-02-15,Standard Delivery,CUST0035,Sneha Kulkarni,Small Business,Uttar Pradesh,Lucknow,India,12,Home Appliances,Washing Machines,Samsung 7kg Washing Machine,32220.92,2,0.05,61219.75,49582.92,11636.83,UPI,7,4.8,No,Not Applicable,2025,2,February,Q1,19.01
ORD00047,2025-11-07,2025-11-08,Same Day Delivery,CUST0047,Kavya Kulkarni,Consumer,Karnataka,Mangaluru,India,8,Electronics,Audio,boAt Airdopes 141,1525.87,2,0.15,2593.98,1814.82,779.16,Net Banking,1,4.0,No,Not Applicable,2025,11,November,Q4,30.04
ORD00048,2025-01-26,2025-01-28,Express Delivery,CUST0047,Kavya Kulkarni,Consumer,Karnataka,Mangaluru,India,17,Fashion,Womens Wear,Biba Kurti,2582.06,1,0.1,2323.85,1409.45,914.4,Net Banking,2,4.3,No,Not Applicable,2025,1,January,Q1,39.35
ORD00049,2025-08-03,2025-08-08,Standard Delivery,CUST0082,Meera Nair,Consumer,Rajasthan,Jodhpur,India,7,Electronics,Audio,Sony WH-1000XM5 Headphones,30336.8,2,0.1,54606.24,45405.45,9200.79,Credit Card,5,2.6,No,Not Applicable,2025,8,August,Q3,16.85
ORD00050,2025-12-30,2026-01-03,Standard Delivery,CUST0039,Ananya Patel,Small Business,Tamil Nadu,Chennai,India,4,Electronics,Laptops,HP 15s Laptop,58574.04,3,0.05,166936.01,139661.16,27274.85,UPI,4,4.7,No,Not Applicable,2025,12,December,Q4,16.34
ORD00051,2025-09-08,2025-09-13,Standard Delivery,CUST0013,Priya Patel,Small Business,Gujarat,Vadodara,India,7,Electronics,Audio,Sony WH-1000XM5 Headphones,29002.83,1,0.0,29002.83,21875.76,7127.07,UPI,5,3.9,No,Not Applicable,2025,9,September,Q3,24.57
ORD00052,2025-12-06,2025-12-10,Standard Delivery,CUST0133,Aditya Mehta,Corporate,Rajasthan,Jaipur,India,3,Electronics,Smartphones,OnePlus Nord CE 4,25704.62,2,0.05,48838.78,38491.46,10347.32,Net Banking,4,3.6,Yes,Damaged Product,2025,12,December,Q4,21.19
ORD00053,2025-12-10,2025-12-15,Standard Delivery,CUST0140,Kavya Shetty,Consumer,West Bengal,Kolkata,India,5,Electronics,Laptops,Lenovo IdeaPad Slim 3,54597.16,1,0.05,51867.3,42607.38,9259.92,UPI,5,4.6,No,Not Applicable,2025,12,December,Q4,17.85
ORD00054,2025-11-26,2025-11-27,Same Day Delivery,CUST0107,Rohan Iyer,Consumer,Maharashtra,Pune,India,9,Home Appliances,Kitchen Appliances,Philips Air Fryer,8891.1,1,0.15,7557.44,6327.56,1229.88,Net Banking,1,5.0,No,Not Applicable,2025,11,November,Q4,16.27
ORD00055,2025-08-29,2025-09-01,Express Delivery,CUST0061,Karan Kumar,Consumer,Tamil Nadu,Madurai,India,18,Fashion,Footwear,Campus Running Shoes,2268.92,2,0.25,3403.38,2594.29,809.09,UPI,3,4.1,No,Not Applicable,2025,8,August,Q3,23.77
ORD00056,2025-11-19,2025-11-22,Standard Delivery,CUST0123,Ravi Patel,Small Business,Karnataka,Bengaluru,India,3,Electronics,Smartphones,OnePlus Nord CE 4,25618.01,4,0.2,81977.63,76707.9,5269.73,Credit Card,3,4.8,No,Not Applicable,2025,11,November,Q4,6.43
ORD00057,2025-11-24,2025-11-30,Standard Delivery,CUST0133,Aditya Mehta,Corporate,Karnataka,Mysuru,India,6,Electronics,Televisions,Samsung 43-inch Smart TV,44355.98,5,0.0,221779.9,172439.33,49340.57,Credit Card,6,4.8,No,Not Applicable,2025,11,November,Q4,22.25
ORD00058,2025-02-09,2025-02-13,Standard Delivery,CUST0091,Rohan Das,Corporate,Uttar Pradesh,Lucknow,India,6,Electronics,Televisions,Samsung 43-inch Smart TV,42122.8,2,0.2,67396.48,65622.51,1773.97,UPI,4,4.5,No,Not Applicable,2025,2,February,Q1,2.63
ORD00059,2025-12-22,2025-12-26,Standard Delivery,CUST0155,Rohan Rao,Consumer,Rajasthan,Jaipur,India,5,Electronics,Laptops,Lenovo IdeaPad Slim 3,50994.39,4,0.2,163182.05,169245.13,-6063.08,Cash on Delivery,4,4.2,No,Not Applicable,2025,12,December,Q4,-3.72
ORD00060,2025-01-12,2025-01-18,Standard Delivery,CUST0039,Ananya Patel,Small Business,Maharashtra,Mumbai,India,14,Home & Furniture,Furniture,Wooden Study Table,6299.27,1,0.1,5669.34,4466.71,1202.63,UPI,6,4.0,No,Not Applicable,2025,1,January,Q1,21.21
ORD00061,2025-03-15,2025-03-21,Standard Delivery,CUST0063,Arjun Kumar,Corporate,Telangana,Hyderabad,India,5,Electronics,Laptops,Lenovo IdeaPad Slim 3,53786.49,1,0.2,43029.19,40423.91,2605.28,UPI,6,4.5,No,Not Applicable,2025,3,March,Q1,6.05
ORD00062,2025-07-29,2025-08-02,Standard Delivery,CUST0050,Sneha Reddy,Consumer,West Bengal,Kolkata,India,12,Home Appliances,Washing Machines,Samsung 7kg Washing Machine,32650.95,3,0.0,97952.85,72860.64,25092.21,Credit Card,4,3.2,No,Not Applicable,2025,7,July,Q3,25.62
ORD00063,2025-02-27,2025-03-01,Express Delivery,CUST0026,Manish Verma,Consumer,Maharashtra,Pune,India,4,Electronics,Laptops,HP 15s Laptop,56429.48,2,0.1,101573.06,92609.66,8963.4,UPI,2,3.5,No,Not Applicable,2025,2,February,Q1,8.82
ORD00064,2025-12-03,2025-12-04,Same Day Delivery,CUST0126,Rahul Shetty,Consumer,Maharashtra,Mumbai,India,15,Home & Furniture,Home Decor,LED Table Lamp,1288.36,2,0.1,2319.05,1479.68,839.37,Credit Card,1,4.7,No,Not Applicable,2025,12,December,Q4,36.19
ORD00065,2025-01-15,2025-01-18,Standard Delivery,CUST0162,Rahul Shetty,Consumer,Maharashtra,Mumbai,India,12,Home Appliances,Washing Machines,Samsung 7kg Washing Machine,32100.64,2,0.1,57781.15,48977.74,8803.41,UPI,3,4.0,No,Not Applicable,2025,1,January,Q1,15.24
ORD00066,2025-12-15,2025-12-19,Standard Delivery,CUST0172,Ananya Iyer,Corporate,Karnataka,Mysuru,India,3,Electronics,Smartphones,OnePlus Nord CE 4,24001.5,1,0.1,21601.35,19112.09,2489.26,Credit Card,4,4.0,No,Not Applicable,2025,12,December,Q4,11.52
ORD00067,2025-11-15,2025-11-22,Standard Delivery,CUST0117,Ravi Joshi,Consumer,Delhi,Delhi,India,11,Home Appliances,Refrigerators,LG 260L Refrigerator,28907.9,5,0.0,144539.5,116245.15,28294.35,Cash on Delivery,7,3.9,No,Not Applicable,2025,11,November,Q4,19.58
ORD00068,2025-06-28,2025-07-01,Standard Delivery,CUST0088,Divya Das,Consumer,Maharashtra,Mumbai,India,14,Home & Furniture,Furniture,Wooden Study Table,6560.43,1,0.1,5904.39,4554.67,1349.72,UPI,3,4.5,No,Not Applicable,2025,6,June,Q2,22.86
ORD00069,2025-10-16,2025-10-20,Standard Delivery,CUST0158,Divya Rao,Consumer,Karnataka,Mysuru,India,7,Electronics,Audio,Sony WH-1000XM5 Headphones,30444.56,1,0.1,27400.1,22905.79,4494.31,UPI,4,5.0,No,Not Applicable,2025,10,October,Q4,16.4
ORD00070,2025-09-21,2025-09-27,Standard Delivery,CUST0072,Aditya Mishra,Consumer,Kerala,Thiruvananthapuram,India,20,Beauty & Personal Care,Hair Care,Mamaearth Shampoo,578.88,1,0.15,492.05,337.82,154.23,Credit Card,6,4.0,No,Not Applicable,2025,9,September,Q3,31.34
ORD00071,2025-10-24,2025-10-25,Same Day Delivery,CUST0106,Vikram Kumar,Consumer,Telangana,Warangal,India,12,Home Appliances,Washing Machines,Samsung 7kg Washing Machine,32941.47,1,0.0,32941.47,24578.82,8362.65,UPI,1,4.5,No,Not Applicable,2025,10,October,Q4,25.39
ORD00072,2025-11-03,2025-11-08,Standard Delivery,CUST0044,Pooja Patel,Corporate,Gujarat,Surat,India,19,Beauty & Personal Care,Skincare,Lakme Face Cream,725.55,1,0.25,544.16,393.52,150.64,UPI,5,4.6,Yes,Wrong Product,2025,11,November,Q4,27.68
ORD00073,2025-11-28,2025-12-03,Standard Delivery,CUST0049,Aditya Rao,Consumer,Uttar Pradesh,Noida,India,20,Beauty & Personal Care,Hair Care,Mamaearth Shampoo,611.83,2,0.15,1040.11,660.19,379.92,Debit Card,5,4.8,Yes,Wrong Product,2025,11,November,Q4,36.53
ORD00074,2025-09-19,2025-09-21,Express Delivery,CUST0039,Ananya Patel,Small Business,Tamil Nadu,Madurai,India,12,Home Appliances,Washing Machines,Samsung 7kg Washing Machine,32849.89,2,0.1,59129.8,49207.38,9922.42,Debit Card,2,5.0,No,Not Applicable,2025,9,September,Q3,16.78
ORD00075,2025-01-14,2025-01-19,Standard Delivery,CUST0078,Nikhil Mishra,Consumer,Gujarat,Ahmedabad,India,5,Electronics,Laptops,Lenovo IdeaPad Slim 3,51283.27,1,0.1,46154.94,41263.5,4891.44,Debit Card,5,3.3,No,Not Applicable,2025,1,January,Q1,10.6
ORD00076,2025-01-28,2025-01-31,Standard Delivery,CUST0066,Rohan Joshi,Corporate,Uttar Pradesh,Lucknow,India,1,Electronics,Smartphones,Samsung Galaxy S24,72629.96,3,0.0,217889.88,161550.83,56339.05,UPI,3,4.8,No,Not Applicable,2025,1,January,Q1,25.86
ORD00077,2025-09-23,2025-09-26,Standard Delivery,CUST0076,Arjun Sharma,Consumer,Uttar Pradesh,Lucknow,India,5,Electronics,Laptops,Lenovo IdeaPad Slim 3,53866.57,1,0.1,48479.91,40670.93,7808.98,Cash on Delivery,3,4.9,No,Not Applicable,2025,9,September,Q3,16.11
ORD00078,2025-02-13,2025-02-20,Standard Delivery,CUST0056,Aarav Verma,Consumer,Delhi,New Delhi,India,6,Electronics,Televisions,Samsung 43-inch Smart TV,42206.96,1,0.0,42206.96,32609.74,9597.22,UPI,7,3.8,No,Not Applicable,2025,2,February,Q1,22.74
ORD00079,2025-07-17,2025-07-24,Standard Delivery,CUST0059,Pooja Gupta,Small Business,Tamil Nadu,Chennai,India,19,Beauty & Personal Care,Skincare,Lakme Face Cream,726.21,1,0.0,726.21,400.88,325.33,Debit Card,7,4.3,No,Not Applicable,2025,7,July,Q3,44.8
ORD00080,2025-06-27,2025-07-03,Standard Delivery,CUST0151,Sneha Sharma,Small Business,Kerala,Thiruvananthapuram,India,13,Home & Furniture,Furniture,Nilkamal Office Chair,8148.04,1,0.2,6518.43,5486.56,1031.87,UPI,6,2.2,No,Not Applicable,2025,6,June,Q2,15.83
ORD00081,2025-03-27,2025-03-30,Standard Delivery,CUST0175,Arjun Verma,Corporate,Kerala,Kochi,India,11,Home Appliances,Refrigerators,LG 260L Refrigerator,29263.31,2,0.1,52673.96,47018.18,5655.78,Net Banking,3,3.6,No,Not Applicable,2025,3,March,Q1,10.74
ORD00082,2025-05-22,2025-05-25,Express Delivery,CUST0053,Manish Gupta,Corporate,Kerala,Kochi,India,2,Electronics,Smartphones,Apple iPhone 15,72568.36,5,0.0,362841.8,268491.91,94349.89,Debit Card,3,4.6,No,Not Applicable,2025,5,May,Q2,26.0
ORD00083,2025-11-20,2025-11-26,Standard Delivery,CUST0098,Manish Iyer,Consumer,Telangana,Warangal,India,4,Electronics,Laptops,HP 15s Laptop,59206.79,2,0.15,100651.54,92626.06,8025.48,UPI,6,3.1,No,Not Applicable,2025,11,November,Q4,7.97
ORD00084,2025-11-12,2025-11-15,Express Delivery,CUST0093,Ananya Das,Consumer,Telangana,Hyderabad,India,17,Fashion,Womens Wear,Biba Kurti,2516.41,2,0.0,5032.82,2842.31,2190.51,Credit Card,3,3.3,No,Not Applicable,2025,11,November,Q4,43.52
ORD00085,2025-11-24,2025-11-29,Standard Delivery,CUST0048,Sneha Mishra,Small Business,Uttar Pradesh,Lucknow,India,12,Home Appliances,Washing Machines,Samsung 7kg Washing Machine,31340.14,1,0.1,28206.13,24965.04,3241.09,Cash on Delivery,5,4.7,No,Not Applicable,2025,11,November,Q4,11.49
ORD00086,2025-04-17,2025-04-20,Standard Delivery,CUST0080,Rahul Joshi,Consumer,Delhi,Delhi,India,15,Home & Furniture,Home Decor,LED Table Lamp,1253.3,1,0.2,1002.64,769.55,233.09,Credit Card,3,4.2,No,Not Applicable,2025,4,April,Q2,23.25
ORD00087,2025-02-21,2025-02-22,Same Day Delivery,CUST0027,Rohan Patel,Small Business,West Bengal,Howrah,India,3,Electronics,Smartphones,OnePlus Nord CE 4,25434.25,2,0.0,50868.5,37771.78,13096.72,Cash on Delivery,1,3.9,No,Not Applicable,2025,2,February,Q1,25.75
ORD00088,2025-11-08,2025-11-13,Standard Delivery,CUST0170,Divya Mehta,Small Business,Maharashtra,Pune,India,7,Electronics,Audio,Sony WH-1000XM5 Headphones,30053.58,3,0.05,85652.7,65929.83,19722.87,Credit Card,5,4.3,No,Not Applicable,2025,11,November,Q4,23.03
ORD00089,2025-01-26,2025-02-01,Standard Delivery,CUST0009,Simran Kumar,Consumer,Delhi,Delhi,India,10,Home Appliances,Kitchen Appliances,Prestige Mixer Grinder,4893.77,4,0.05,18596.33,14235.64,4360.69,Credit Card,6,3.9,No,Not Applicable,2025,1,January,Q1,23.45
ORD00090,2025-08-30,2025-09-02,Express Delivery,CUST0069,Sneha Rao,Consumer,Maharashtra,Nagpur,India,12,Home Appliances,Washing Machines,Samsung 7kg Washing Machine,30955.35,3,0.05,88222.75,72856.37,15366.38,Credit Card,3,3.8,No,Not Applicable,2025,8,August,Q3,17.42
ORD00091,2025-03-19,2025-03-25,Standard Delivery,CUST0077,Arjun Reddy,Consumer,Delhi,Delhi,India,2,Electronics,Smartphones,Apple iPhone 15,70883.3,1,0.1,63794.97,53814.4,9980.57,UPI,6,4.0,No,Not Applicable,2025,3,March,Q1,15.64
ORD00092,2025-04-12,2025-04-16,Standard Delivery,CUST0042,Shreya Das,Consumer,Uttar Pradesh,Lucknow,India,14,Home & Furniture,Furniture,Wooden Study Table,6548.78,1,0.1,5893.9,4473.32,1420.58,Debit Card,4,4.7,No,Not Applicable,2025,4,April,Q2,24.1
ORD00093,2025-11-12,2025-11-17,Standard Delivery,CUST0130,Pooja Joshi,Consumer,Kerala,Thiruvananthapuram,India,8,Electronics,Audio,boAt Airdopes 141,1502.95,4,0.1,5410.62,3562.06,1848.56,Wallet,5,4.9,No,Not Applicable,2025,11,November,Q4,34.17
ORD00094,2025-10-13,2025-10-18,Standard Delivery,CUST0116,Divya Sharma,Consumer,Karnataka,Mysuru,India,4,Electronics,Laptops,HP 15s Laptop,59172.24,5,0.1,266275.08,223002.02,43273.06,Cash on Delivery,5,4.2,Yes,Wrong Product,2025,10,October,Q4,16.25
ORD00095,2025-05-16,2025-05-19,Express Delivery,CUST0003,Sneha Das,Consumer,West Bengal,Kolkata,India,19,Beauty & Personal Care,Skincare,Lakme Face Cream,722.88,1,0.25,542.16,390.93,151.23,Debit Card,3,4.3,Yes,Changed Mind,2025,5,May,Q2,27.89
ORD00096,2025-02-07,2025-02-13,Standard Delivery,CUST0142,Priya Shetty,Corporate,Karnataka,Mangaluru,India,18,Fashion,Footwear,Campus Running Shoes,2171.96,1,0.05,2063.36,1279.65,783.71,UPI,6,3.7,No,Not Applicable,2025,2,February,Q1,37.98
ORD00097,2025-11-07,2025-11-13,Standard Delivery,CUST0006,Karan Mehta,Corporate,Uttar Pradesh,Noida,India,15,Home & Furniture,Home Decor,LED Table Lamp,1268.71,5,0.15,5392.02,3846.88,1545.14,Credit Card,6,3.9,No,Not Applicable,2025,11,November,Q4,28.66
ORD00098,2025-12-02,2025-12-03,Same Day Delivery,CUST0007,Simran Reddy,Corporate,Tamil Nadu,Chennai,India,15,Home & Furniture,Home Decor,LED Table Lamp,1319.26,2,0.0,2638.52,1486.15,1152.37,Debit Card,1,4.4,No,Not Applicable,2025,12,December,Q4,43.67
ORD00099,2025-10-08,2025-10-09,Same Day Delivery,CUST0054,Akash Verma,Corporate,Tamil Nadu,Madurai,India,14,Home & Furniture,Furniture,Wooden Study Table,6670.23,1,0.2,5336.18,4450.73,885.45,Cash on Delivery,1,4.2,No,Not Applicable,2025,10,October,Q4,16.59
ORD00100,2025-01-25,2025-01-28,Standard Delivery,CUST0079,Arjun Sharma,Corporate,West Bengal,Howrah,India,12,Home Appliances,Washing Machines,Samsung 7kg Washing Machine,31508.4,5,0.1,141787.8,125046.06,16741.74,Debit Card,3,3.6,No,Not Applicable,2025,1,January,Q1,11.81
ORD00101,2025-09-11,2025-09-14,Express Delivery,CUST0130,Pooja Joshi,Consumer,Kerala,Kochi,India,19,Beauty & Personal Care,Skincare,Lakme Face Cream,682.88,2,0.05,1297.47,779.28,518.19,UPI,3,3.8,No,Not Applicable,2025,9,September,Q3,39.94
ORD00102,2025-09-20,2025-09-25,Standard Delivery,CUST0080,Rahul Joshi,Consumer,Kerala,Kochi,India,4,Electronics,Laptops,HP 15s Laptop,56749.69,2,0.05,107824.41,89475.58,18348.83,Cash on Delivery,5,4.5,No,Not Applicable,2025,9,September,Q3,17.02
ORD00103,2025-04-26,2025-04-27,Same Day Delivery,CUST0062,Ravi Gupta,Consumer,Kerala,Kochi,India,7,Electronics,Audio,Sony WH-1000XM5 Headphones,29214.79,2,0.1,52586.62,44695.11,7891.51,UPI,1,5.0,No,Not Applicable,2025,4,April,Q2,15.01
ORD00104,2025-05-29,2025-06-01,Standard Delivery,CUST0138,Aditi Iyer,Small Business,Kerala,Thiruvananthapuram,India,7,Electronics,Audio,Sony WH-1000XM5 Headphones,30792.06,2,0.05,58504.91,45349.11,13155.8,UPI,3,4.0,No,Not Applicable,2025,5,May,Q2,22.49
ORD00105,2025-07-07,2025-07-13,Standard Delivery,CUST0139,Shreya Mehta,Corporate,Telangana,Warangal,India,4,Electronics,Laptops,HP 15s Laptop,58693.82,3,0.05,167277.39,139044.52,28232.87,Credit Card,6,4.1,No,Not Applicable,2025,7,July,Q3,16.88
ORD00106,2025-05-10,2025-05-14,Standard Delivery,CUST0060,Simran Kulkarni,Small Business,Karnataka,Bengaluru,India,10,Home Appliances,Kitchen Appliances,Prestige Mixer Grinder,5111.45,4,0.05,19423.51,14273.11,5150.4,Credit Card,4,4.1,No,Not Applicable,2025,5,May,Q2,26.52
ORD00107,2025-12-09,2025-12-11,Express Delivery,CUST0088,Divya Das,Consumer,Uttar Pradesh,Lucknow,India,12,Home Appliances,Washing Machines,Samsung 7kg Washing Machine,30817.05,2,0.15,52388.99,48754.38,3634.61,UPI,2,3.8,Yes,Size/Fit Issue,2025,12,December,Q4,6.94
ORD00108,2025-08-16,2025-08-18,Express Delivery,CUST0139,Shreya Mehta,Corporate,West Bengal,Kolkata,India,7,Electronics,Audio,Sony WH-1000XM5 Headphones,29779.18,3,0.05,84870.66,67700.94,17169.72,Credit Card,2,4.9,Yes,Late Delivery,2025,8,August,Q3,20.23
ORD00109,2025-12-03,2025-12-06,Express Delivery,CUST0136,Priya Gupta,Corporate,Rajasthan,Jaipur,India,9,Home Appliances,Kitchen Appliances,Philips Air Fryer,8726.43,2,0.05,16580.22,13089.71,3490.51,Credit Card,3,3.8,Yes,Size/Fit Issue,2025,12,December,Q4,21.05
ORD00110,2025-09-15,2025-09-16,Same Day Delivery,CUST0118,Divya Rao,Corporate,Gujarat,Vadodara,India,16,Fashion,Mens Wear,Allen Solly Formal Shirt,1939.53,3,0.1,5236.73,3416.52,1820.21,UPI,1,4.7,No,Not Applicable,2025,9,September,Q3,34.76
ORD00111,2025-11-11,2025-11-14,Express Delivery,CUST0078,Nikhil Mishra,Consumer,Telangana,Hyderabad,India,18,Fashion,Footwear,Campus Running Shoes,2132.41,4,0.05,8103.16,5105.61,2997.55,UPI,3,4.1,No,Not Applicable,2025,11,November,Q4,36.99
ORD00112,2025-05-29,2025-06-03,Standard Delivery,CUST0126,Rahul Shetty,Consumer,Uttar Pradesh,Kanpur,India,7,Electronics,Audio,Sony WH-1000XM5 Headphones,29558.29,1,0.0,29558.29,22841.8,6716.49,Cash on Delivery,5,4.2,No,Not Applicable,2025,5,May,Q2,22.72
ORD00113,2025-08-01,2025-08-06,Standard Delivery,CUST0180,Vikram Singh,Corporate,Uttar Pradesh,Noida,India,15,Home & Furniture,Home Decor,LED Table Lamp,1323.19,2,0.15,2249.42,1503.8,745.62,UPI,5,4.4,No,Not Applicable,2025,8,August,Q3,33.15
ORD00114,2025-10-08,2025-10-12,Standard Delivery,CUST0128,Sanjay Mishra,Consumer,Telangana,Warangal,India,10,Home Appliances,Kitchen Appliances,Prestige Mixer Grinder,5095.67,2,0.15,8662.64,7160.21,1502.43,Net Banking,4,4.2,No,Not Applicable,2025,10,October,Q4,17.34
ORD00115,2025-01-10,2025-01-12,Express Delivery,CUST0149,Sneha Shetty,Consumer,Rajasthan,Jaipur,India,2,Electronics,Smartphones,Apple iPhone 15,70203.23,1,0.15,59672.75,52396.94,7275.81,Cash on Delivery,2,4.1,No,Not Applicable,2025,1,January,Q1,12.19
ORD00116,2025-03-16,2025-03-20,Express Delivery,CUST0144,Ananya Kumar,Consumer,Maharashtra,Nagpur,India,6,Electronics,Televisions,Samsung 43-inch Smart TV,42546.0,3,0.25,95728.5,100190.12,-4461.62,Debit Card,4,4.2,No,Not Applicable,2025,3,March,Q1,-4.66
ORD00117,2025-11-06,2025-11-11,Standard Delivery,CUST0103,Rohan Mishra,Consumer,Karnataka,Mysuru,India,14,Home & Furniture,Furniture,Wooden Study Table,6287.39,1,0.15,5344.28,4523.81,820.47,UPI,5,5.0,No,Not Applicable,2025,11,November,Q4,15.35
ORD00118,2025-09-11,2025-09-15,Standard Delivery,CUST0024,Arjun Reddy,Consumer,Kerala,Thiruvananthapuram,India,19,Beauty & Personal Care,Skincare,Lakme Face Cream,698.9,1,0.15,594.06,380.1,213.96,Cash on Delivery,4,5.0,No,Not Applicable,2025,9,September,Q3,36.02
ORD00119,2025-12-22,2025-12-26,Express Delivery,CUST0019,Neha Shetty,Consumer,Telangana,Warangal,India,17,Fashion,Womens Wear,Biba Kurti,2443.14,2,0.0,4886.28,2917.09,1969.19,Net Banking,4,5.0,No,Not Applicable,2025,12,December,Q4,40.3
ORD00120,2025-08-28,2025-09-01,Standard Delivery,CUST0047,Kavya Kulkarni,Consumer,Karnataka,Mysuru,India,15,Home & Furniture,Home Decor,LED Table Lamp,1306.47,3,0.05,3723.44,2261.85,1461.59,UPI,4,3.4,Yes,Damaged Product,2025,8,August,Q3,39.25
ORD00121,2025-09-11,2025-09-16,Standard Delivery,CUST0118,Divya Rao,Corporate,Tamil Nadu,Chennai,India,13,Home & Furniture,Furniture,Nilkamal Office Chair,8224.72,3,0.0,24674.16,16523.35,8150.81,Credit Card,5,4.1,No,Not Applicable,2025,9,September,Q3,33.03
ORD00122,2025-03-31,2025-04-03,Standard Delivery,CUST0004,Manish Nair,Corporate,Karnataka,Mangaluru,India,18,Fashion,Footwear,Campus Running Shoes,2112.28,4,0.15,7181.75,5061.87,2119.88,Credit Card,3,4.4,No,Not Applicable,2025,3,March,Q1,29.52
ORD00123,2025-02-05,2025-02-07,Express Delivery,CUST0158,Divya Rao,Consumer,Tamil Nadu,Coimbatore,India,7,Electronics,Audio,Sony WH-1000XM5 Headphones,29389.11,1,0.2,23511.29,22192.13,1319.16,Cash on Delivery,2,2.9,Yes,Late Delivery,2025,2,February,Q1,5.61
ORD00124,2025-01-07,2025-01-11,Standard Delivery,CUST0070,Aditi Sharma,Consumer,Uttar Pradesh,Kanpur,India,11,Home Appliances,Refrigerators,LG 260L Refrigerator,30003.08,5,0.1,135013.86,111910.58,23103.28,Cash on Delivery,4,4.5,No,Not Applicable,2025,1,January,Q1,17.11
ORD00125,2025-03-23,2025-03-26,Standard Delivery,CUST0069,Sneha Rao,Consumer,Kerala,Thiruvananthapuram,India,5,Electronics,Laptops,Lenovo IdeaPad Slim 3,54990.92,2,0.1,98983.66,83540.47,15443.19,UPI,3,4.5,No,Not Applicable,2025,3,March,Q1,15.6
ORD00126,2025-10-16,2025-10-20,Standard Delivery,CUST0081,Aditya Kulkarni,Consumer,West Bengal,Kolkata,India,2,Electronics,Smartphones,Apple iPhone 15,71531.19,2,0.1,128756.14,108316.47,20439.67,Cash on Delivery,4,3.8,No,Not Applicable,2025,10,October,Q4,15.87
ORD00127,2025-01-05,2025-01-11,Standard Delivery,CUST0002,Nikhil Mehta,Consumer,Kerala,Kochi,India,2,Electronics,Smartphones,Apple iPhone 15,69677.23,1,0.2,55741.78,54807.68,934.1,UPI,6,2.6,No,Not Applicable,2025,1,January,Q1,1.68
ORD00128,2025-10-04,2025-10-06,Express Delivery,CUST0020,Kavya Kulkarni,Consumer,Gujarat,Surat,India,20,Beauty & Personal Care,Hair Care,Mamaearth Shampoo,617.11,2,0.05,1172.51,675.03,497.48,Credit Card,2,4.2,No,Not Applicable,2025,10,October,Q4,42.43
ORD00129,2025-01-26,2025-01-29,Express Delivery,CUST0113,Nikhil Mehta,Consumer,Karnataka,Bengaluru,India,3,Electronics,Smartphones,OnePlus Nord CE 4,24994.63,4,0.1,89980.67,74200.96,15779.71,Credit Card,3,3.2,No,Not Applicable,2025,1,January,Q1,17.54
ORD00130,2025-10-24,2025-10-27,Express Delivery,CUST0164,Vikram Kumar,Consumer,Tamil Nadu,Madurai,India,9,Home Appliances,Kitchen Appliances,Philips Air Fryer,9022.78,2,0.2,14436.45,12733.2,1703.25,UPI,3,4.3,No,Not Applicable,2025,10,October,Q4,11.8
ORD00131,2025-09-16,2025-09-18,Express Delivery,CUST0027,Rohan Patel,Small Business,Tamil Nadu,Coimbatore,India,1,Electronics,Smartphones,Samsung Galaxy S24,69235.69,2,0.0,138471.38,109507.48,28963.9,Cash on Delivery,2,3.7,No,Not Applicable,2025,9,September,Q3,20.92
ORD00132,2025-05-09,2025-05-14,Standard Delivery,CUST0063,Arjun Kumar,Corporate,Gujarat,Ahmedabad,India,13,Home & Furniture,Furniture,Nilkamal Office Chair,8306.02,1,0.25,6229.52,5652.46,577.06,UPI,5,4.6,Yes,Size/Fit Issue,2025,5,May,Q2,9.26
ORD00133,2025-06-03,2025-06-09,Standard Delivery,CUST0126,Rahul Shetty,Consumer,Telangana,Hyderabad,India,9,Home Appliances,Kitchen Appliances,Philips Air Fryer,9150.36,3,0.1,24705.97,19282.79,5423.18,Credit Card,6,4.5,No,Not Applicable,2025,6,June,Q2,21.95
ORD00134,2025-10-13,2025-10-16,Express Delivery,CUST0021,Nikhil Mishra,Consumer,Karnataka,Mysuru,India,1,Electronics,Smartphones,Samsung Galaxy S24,69147.48,1,0.0,69147.48,53839.14,15308.34,Debit Card,3,4.2,No,Not Applicable,2025,10,October,Q4,22.14
ORD00135,2025-11-21,2025-11-26,Standard Delivery,CUST0108,Sneha Mehta,Corporate,Gujarat,Vadodara,India,3,Electronics,Smartphones,OnePlus Nord CE 4,24211.72,1,0.15,20579.96,18789.01,1790.95,UPI,5,3.9,No,Not Applicable,2025,11,November,Q4,8.7
ORD00136,2025-10-30,2025-11-05,Standard Delivery,CUST0038,Isha Gupta,Consumer,Tamil Nadu,Chennai,India,3,Electronics,Smartphones,OnePlus Nord CE 4,25517.48,3,0.05,72724.82,58380.34,14344.48,UPI,6,3.5,No,Not Applicable,2025,10,October,Q4,19.72
ORD00137,2025-04-25,2025-05-02,Standard Delivery,CUST0134,Simran Mehta,Consumer,Kerala,Kochi,India,2,Electronics,Smartphones,Apple iPhone 15,71938.64,2,0.1,129489.55,108302.28,21187.27,UPI,7,3.7,No,Not Applicable,2025,4,April,Q2,16.36
ORD00138,2025-03-24,2025-03-30,Standard Delivery,CUST0110,Rahul Sharma,Consumer,Uttar Pradesh,Kanpur,India,19,Beauty & Personal Care,Skincare,Lakme Face Cream,724.88,3,0.0,2174.64,1185.91,988.73,UPI,6,4.0,No,Not Applicable,2025,3,March,Q1,45.47
ORD00139,2025-04-30,2025-05-04,Standard Delivery,CUST0166,Kavya Kumar,Consumer,Karnataka,Bengaluru,India,9,Home Appliances,Kitchen Appliances,Philips Air Fryer,8855.93,1,0.1,7970.34,6538.36,1431.98,Cash on Delivery,4,4.2,Yes,Size/Fit Issue,2025,4,April,Q2,17.97
ORD00140,2025-04-20,2025-04-21,Same Day Delivery,CUST0086,Akash Kumar,Consumer,Uttar Pradesh,Noida,India,16,Fashion,Mens Wear,Allen Solly Formal Shirt,1924.58,1,0.15,1635.89,1155.71,480.18,Cash on Delivery,1,4.7,No,Not Applicable,2025,4,April,Q2,29.35
ORD00141,2025-11-21,2025-11-25,Express Delivery,CUST0048,Sneha Mishra,Small Business,Uttar Pradesh,Noida,India,12,Home Appliances,Washing Machines,Samsung 7kg Washing Machine,33038.32,1,0.0,33038.32,25253.8,7784.52,Debit Card,4,3.0,No,Not Applicable,2025,11,November,Q4,23.56
ORD00142,2025-03-17,2025-03-23,Standard Delivery,CUST0174,Arjun Shetty,Consumer,Rajasthan,Jaipur,India,19,Beauty & Personal Care,Skincare,Lakme Face Cream,704.99,4,0.1,2537.96,1572.29,965.67,UPI,6,3.4,No,Not Applicable,2025,3,March,Q1,38.05
ORD00143,2025-01-28,2025-02-02,Standard Delivery,CUST0004,Manish Nair,Corporate,Telangana,Hyderabad,India,3,Electronics,Smartphones,OnePlus Nord CE 4,25200.29,2,0.2,40320.46,38555.39,1765.07,UPI,5,3.8,No,Not Applicable,2025,1,January,Q1,4.38
ORD00144,2025-08-06,2025-08-11,Standard Delivery,CUST0027,Rohan Patel,Small Business,Maharashtra,Pune,India,1,Electronics,Smartphones,Samsung Galaxy S24,70685.1,2,0.1,127233.18,107803.94,19429.24,Debit Card,5,2.8,No,Not Applicable,2025,8,August,Q3,15.27
ORD00145,2025-02-18,2025-02-22,Standard Delivery,CUST0046,Ananya Mishra,Consumer,Karnataka,Mangaluru,India,20,Beauty & Personal Care,Hair Care,Mamaearth Shampoo,613.5,1,0.05,582.83,331.43,251.4,Net Banking,4,4.1,No,Not Applicable,2025,2,February,Q1,43.13
ORD00146,2025-12-10,2025-12-11,Same Day Delivery,CUST0021,Nikhil Mishra,Consumer,Tamil Nadu,Madurai,India,9,Home Appliances,Kitchen Appliances,Philips Air Fryer,8671.33,1,0.1,7804.2,6480.73,1323.47,UPI,1,3.8,No,Not Applicable,2025,12,December,Q4,16.96
ORD00147,2025-01-19,2025-01-21,Express Delivery,CUST0076,Arjun Sharma,Consumer,Uttar Pradesh,Lucknow,India,13,Home & Furniture,Furniture,Nilkamal Office Chair,8206.2,2,0.05,15591.78,11505.8,4085.98,Debit Card,2,4.3,Yes,Wrong Product,2025,1,January,Q1,26.21
ORD00148,2025-12-04,2025-12-06,Express Delivery,CUST0146,Sanjay Singh,Consumer,Karnataka,Mysuru,India,1,Electronics,Smartphones,Samsung Galaxy S24,67876.77,2,0.05,128965.86,107474.78,21491.08,UPI,2,3.9,No,Not Applicable,2025,12,December,Q4,16.66
ORD00149,2025-09-15,2025-09-21,Standard Delivery,CUST0029,Meera Patel,Small Business,Kerala,Thiruvananthapuram,India,19,Beauty & Personal Care,Skincare,Lakme Face Cream,706.61,2,0.0,1413.22,799.34,613.88,Cash on Delivery,6,3.2,No,Not Applicable,2025,9,September,Q3,43.44
ORD00150,2025-03-22,2025-03-26,Standard Delivery,CUST0169,Aarav Gupta,Corporate,Telangana,Hyderabad,India,11,Home Appliances,Refrigerators,LG 260L Refrigerator,27931.84,2,0.1,50277.31,44959.49,5317.82,Cash on Delivery,4,4.1,No,Not Applicable,2025,3,March,Q1,10.58
ORD00151,2025-10-11,2025-10-17,Standard Delivery,CUST0021,Nikhil Mishra,Consumer,Kerala,Thiruvananthapuram,India,4,Electronics,Laptops,HP 15s Laptop,57091.45,2,0.05,108473.75,92577.86,15895.89,Cash on Delivery,6,3.7,No,Not Applicable,2025,10,October,Q4,14.65
ORD00152,2025-12-26,2025-12-28,Express Delivery,CUST0075,Sneha Iyer,Consumer,Delhi,Delhi,India,4,Electronics,Laptops,HP 15s Laptop,58044.19,2,0.1,104479.54,89174.33,15305.21,Cash on Delivery,2,4.6,No,Not Applicable,2025,12,December,Q4,14.65
ORD00153,2025-10-02,2025-10-05,Express Delivery,CUST0157,Kavya Verma,Consumer,Gujarat,Surat,India,3,Electronics,Smartphones,OnePlus Nord CE 4,24818.27,1,0.0,24818.27,18784.79,6033.48,Credit Card,3,4.2,No,Not Applicable,2025,10,October,Q4,24.31
ORD00154,2025-04-23,2025-04-27,Standard Delivery,CUST0109,Vikram Mishra,Corporate,West Bengal,Howrah,India,3,Electronics,Smartphones,OnePlus Nord CE 4,24077.03,5,0.05,114365.89,92326.45,22039.44,UPI,4,4.2,No,Not Applicable,2025,4,April,Q2,19.27
ORD00155,2025-09-02,2025-09-06,Express Delivery,CUST0030,Vikram Joshi,Consumer,Karnataka,Mysuru,India,5,Electronics,Laptops,Lenovo IdeaPad Slim 3,54636.52,4,0.05,207618.78,167025.31,40593.47,UPI,4,3.2,No,Not Applicable,2025,9,September,Q3,19.55
ORD00156,2025-10-05,2025-10-11,Standard Delivery,CUST0068,Rohan Verma,Consumer,West Bengal,Kolkata,India,17,Fashion,Womens Wear,Biba Kurti,2448.4,2,0.0,4896.8,2958.91,1937.89,Debit Card,6,3.0,No,Not Applicable,2025,10,October,Q4,39.57
ORD00157,2025-12-07,2025-12-08,Same Day Delivery,CUST0174,Arjun Shetty,Consumer,Kerala,Kochi,India,12,Home Appliances,Washing Machines,Samsung 7kg Washing Machine,31133.29,3,0.1,84059.88,75373.43,8686.45,UPI,1,4.5,No,Not Applicable,2025,12,December,Q4,10.33
ORD00158,2025-04-09,2025-04-13,Standard Delivery,CUST0082,Meera Nair,Consumer,Delhi,New Delhi,India,19,Beauty & Personal Care,Skincare,Lakme Face Cream,673.25,1,0.05,639.59,389.43,250.16,Wallet,4,3.6,No,Not Applicable,2025,4,April,Q2,39.11
ORD00159,2025-09-24,2025-10-01,Standard Delivery,CUST0054,Akash Verma,Corporate,Gujarat,Surat,India,11,Home Appliances,Refrigerators,LG 260L Refrigerator,29409.21,2,0.0,58818.42,45908.32,12910.1,Wallet,7,3.9,No,Not Applicable,2025,9,September,Q3,21.95
ORD00160,2025-03-11,2025-03-14,Express Delivery,CUST0102,Aditya Rao,Corporate,Gujarat,Surat,India,15,Home & Furniture,Home Decor,LED Table Lamp,1284.69,2,0.2,2055.5,1520.31,535.19,Credit Card,3,4.0,No,Not Applicable,2025,3,March,Q1,26.04
ORD00161,2025-08-27,2025-08-31,Standard Delivery,CUST0004,Manish Nair,Corporate,Rajasthan,Jaipur,India,16,Fashion,Mens Wear,Allen Solly Formal Shirt,1919.55,5,0.0,9597.75,5798.37,3799.38,UPI,4,4.4,No,Not Applicable,2025,8,August,Q3,39.59
ORD00162,2025-04-24,2025-04-26,Express Delivery,CUST0022,Sanjay Rao,Corporate,Kerala,Kochi,India,3,Electronics,Smartphones,OnePlus Nord CE 4,24597.81,2,0.0,49195.62,37677.87,11517.75,UPI,2,3.7,No,Not Applicable,2025,4,April,Q2,23.41
ORD00163,2025-10-30,2025-11-01,Express Delivery,CUST0163,Aditya Verma,Corporate,West Bengal,Howrah,India,17,Fashion,Womens Wear,Biba Kurti,2407.87,1,0.0,2407.87,1436.24,971.63,UPI,2,4.5,No,Not Applicable,2025,10,October,Q4,40.35
ORD00164,2025-09-14,2025-09-18,Standard Delivery,CUST0164,Vikram Kumar,Consumer,Kerala,Kochi,India,8,Electronics,Audio,boAt Airdopes 141,1472.66,2,0.15,2503.52,1820.24,683.28,Credit Card,4,4.3,No,Not Applicable,2025,9,September,Q3,27.29
ORD00165,2025-06-22,2025-06-24,Express Delivery,CUST0034,Rohan Rao,Small Business,Karnataka,Mangaluru,India,6,Electronics,Televisions,Samsung 43-inch Smart TV,43001.15,1,0.0,43001.15,34091.98,8909.17,UPI,2,3.7,No,Not Applicable,2025,6,June,Q2,20.72
ORD00166,2025-10-22,2025-10-26,Standard Delivery,CUST0136,Priya Gupta,Corporate,Tamil Nadu,Coimbatore,India,7,Electronics,Audio,Sony WH-1000XM5 Headphones,30327.03,2,0.05,57621.36,46293.25,11328.11,Debit Card,4,3.6,No,Not Applicable,2025,10,October,Q4,19.66
ORD00167,2025-12-03,2025-12-07,Standard Delivery,CUST0023,Aditya Singh,Consumer,Uttar Pradesh,Kanpur,India,10,Home Appliances,Kitchen Appliances,Prestige Mixer Grinder,5053.83,3,0.1,13645.34,10516.56,3128.78,UPI,4,3.4,No,Not Applicable,2025,12,December,Q4,22.93
ORD00168,2025-02-28,2025-03-03,Standard Delivery,CUST0008,Ananya Gupta,Consumer,Tamil Nadu,Madurai,India,14,Home & Furniture,Furniture,Wooden Study Table,6614.28,4,0.15,22488.55,17753.27,4735.28,UPI,3,4.3,No,Not Applicable,2025,2,February,Q1,21.06
ORD00169,2025-10-01,2025-10-02,Same Day Delivery,CUST0096,Aditi Joshi,Consumer,Delhi,New Delhi,India,18,Fashion,Footwear,Campus Running Shoes,2276.48,2,0.05,4325.31,2534.9,1790.41,Cash on Delivery,1,4.8,No,Not Applicable,2025,10,October,Q4,41.39
ORD00170,2025-04-10,2025-04-13,Express Delivery,CUST0082,Meera Nair,Consumer,Uttar Pradesh,Lucknow,India,19,Beauty & Personal Care,Skincare,Lakme Face Cream,724.95,4,0.05,2754.81,1521.56,1233.25,Credit Card,3,4.3,No,Not Applicable,2025,4,April,Q2,44.77
ORD00171,2025-04-30,2025-05-02,Express Delivery,CUST0138,Aditi Iyer,Small Business,Karnataka,Bengaluru,India,11,Home Appliances,Refrigerators,LG 260L Refrigerator,29595.4,2,0.25,44393.1,47244.13,-2851.03,UPI,2,4.0,No,Not Applicable,2025,4,April,Q2,-6.42
ORD00172,2025-04-11,2025-04-17,Standard Delivery,CUST0048,Sneha Mishra,Small Business,Telangana,Warangal,India,9,Home Appliances,Kitchen Appliances,Philips Air Fryer,9095.77,2,0.0,18191.54,13211.21,4980.33,UPI,6,3.9,No,Not Applicable,2025,4,April,Q2,27.38
ORD00173,2025-04-10,2025-04-12,Express Delivery,CUST0031,Manish Patel,Consumer,Kerala,Kochi,India,9,Home Appliances,Kitchen Appliances,Philips Air Fryer,9105.34,3,0.15,23218.62,19846.6,3372.02,Credit Card,2,4.4,No,Not Applicable,2025,4,April,Q2,14.52
ORD00174,2025-11-22,2025-11-27,Standard Delivery,CUST0172,Ananya Iyer,Corporate,Telangana,Warangal,India,1,Electronics,Smartphones,Samsung Galaxy S24,69258.61,4,0.05,263182.72,210272.87,52909.85,UPI,5,3.7,No,Not Applicable,2025,11,November,Q4,20.1
ORD00175,2025-02-15,2025-02-20,Standard Delivery,CUST0013,Priya Patel,Small Business,Telangana,Warangal,India,2,Electronics,Smartphones,Apple iPhone 15,69417.09,1,0.0,69417.09,53976.88,15440.21,Debit Card,5,4.0,Yes,Late Delivery,2025,2,February,Q1,22.24
ORD00176,2025-08-18,2025-08-21,Express Delivery,CUST0065,Rahul Joshi,Corporate,Tamil Nadu,Madurai,India,17,Fashion,Womens Wear,Biba Kurti,2424.14,2,0.25,3636.21,2815.95,820.26,UPI,3,4.5,No,Not Applicable,2025,8,August,Q3,22.56
ORD00177,2025-08-12,2025-08-16,Express Delivery,CUST0153,Isha Nair,Small Business,Rajasthan,Jodhpur,India,7,Electronics,Audio,Sony WH-1000XM5 Headphones,28793.65,1,0.05,27353.97,22229.73,5124.24,Cash on Delivery,4,4.4,Yes,Size/Fit Issue,2025,8,August,Q3,18.73
ORD00178,2025-02-14,2025-02-17,Express Delivery,CUST0059,Pooja Gupta,Small Business,Tamil Nadu,Madurai,India,9,Home Appliances,Kitchen Appliances,Philips Air Fryer,8979.85,4,0.1,32327.46,25313.16,7014.3,Wallet,3,4.6,No,Not Applicable,2025,2,February,Q1,21.7
ORD00179,2025-11-08,2025-11-14,Standard Delivery,CUST0096,Aditi Joshi,Consumer,Kerala,Kochi,India,15,Home & Furniture,Home Decor,LED Table Lamp,1268.34,2,0.15,2156.18,1520.31,635.87,Cash on Delivery,6,4.3,No,Not Applicable,2025,11,November,Q4,29.49
ORD00180,2025-12-17,2025-12-22,Standard Delivery,CUST0156,Kavya Joshi,Consumer,Delhi,New Delhi,India,17,Fashion,Womens Wear,Biba Kurti,2543.98,4,0.05,9667.12,5813.51,3853.61,Debit Card,5,4.0,No,Not Applicable,2025,12,December,Q4,39.86
ORD00181,2025-03-25,2025-03-27,Express Delivery,CUST0052,Isha Kulkarni,Corporate,Maharashtra,Pune,India,1,Electronics,Smartphones,Samsung Galaxy S24,68553.62,4,0.1,246793.03,216007.82,30785.21,UPI,2,5.0,No,Not Applicable,2025,3,March,Q1,12.47
ORD00182,2025-08-11,2025-08-15,Express Delivery,CUST0003,Sneha Das,Consumer,Maharashtra,Mumbai,India,8,Electronics,Audio,boAt Airdopes 141,1540.21,1,0.0,1540.21,925.98,614.23,UPI,4,3.0,No,Not Applicable,2025,8,August,Q3,39.88
ORD00183,2025-09-29,2025-10-03,Express Delivery,CUST0068,Rohan Verma,Consumer,West Bengal,Howrah,India,12,Home Appliances,Washing Machines,Samsung 7kg Washing Machine,32229.44,1,0.1,29006.5,24359.62,4646.88,UPI,4,4.0,No,Not Applicable,2025,9,September,Q3,16.02
ORD00184,2025-09-04,2025-09-10,Standard Delivery,CUST0008,Ananya Gupta,Consumer,Maharashtra,Pune,India,4,Electronics,Laptops,HP 15s Laptop,58762.89,1,0.1,52886.6,44579.17,8307.43,Credit Card,6,4.1,Yes,Damaged Product,2025,9,September,Q3,15.71
ORD00185,2025-04-11,2025-04-14,Standard Delivery,CUST0156,Kavya Joshi,Consumer,Maharashtra,Nagpur,India,10,Home Appliances,Kitchen Appliances,Prestige Mixer Grinder,5090.53,1,0.15,4326.95,3415.03,911.92,Credit Card,3,4.0,No,Not Applicable,2025,4,April,Q2,21.08
ORD00186,2025-09-05,2025-09-06,Same Day Delivery,CUST0155,Rohan Rao,Consumer,West Bengal,Kolkata,India,7,Electronics,Audio,Sony WH-1000XM5 Headphones,30600.03,1,0.05,29070.03,23064.88,6005.15,Debit Card,1,3.8,No,Not Applicable,2025,9,September,Q3,20.66
ORD00187,2025-10-01,2025-10-06,Standard Delivery,CUST0173,Sneha Singh,Consumer,Maharashtra,Mumbai,India,18,Fashion,Footwear,Campus Running Shoes,2144.75,2,0.05,4075.03,2665.25,1409.78,UPI,5,4.1,Yes,Damaged Product,2025,10,October,Q4,34.6
ORD00188,2025-08-25,2025-08-30,Standard Delivery,CUST0169,Aarav Gupta,Corporate,West Bengal,Kolkata,India,11,Home Appliances,Refrigerators,LG 260L Refrigerator,28587.24,2,0.05,54315.76,46937.46,7378.3,Net Banking,5,3.9,No,Not Applicable,2025,8,August,Q3,13.58
ORD00189,2025-05-13,2025-05-18,Standard Delivery,CUST0149,Sneha Shetty,Consumer,Rajasthan,Jaipur,India,10,Home Appliances,Kitchen Appliances,Prestige Mixer Grinder,4880.81,4,0.1,17570.92,13794.46,3776.46,UPI,5,3.2,No,Not Applicable,2025,5,May,Q2,21.49
ORD00190,2025-07-14,2025-07-17,Express Delivery,CUST0111,Sanjay Joshi,Small Business,Uttar Pradesh,Noida,India,4,Electronics,Laptops,HP 15s Laptop,58707.46,2,0.15,99802.68,89097.71,10704.97,UPI,3,3.7,No,Not Applicable,2025,7,July,Q3,10.73
ORD00191,2025-03-10,2025-03-11,Same Day Delivery,CUST0095,Sanjay Iyer,Corporate,Karnataka,Mysuru,India,9,Home Appliances,Kitchen Appliances,Philips Air Fryer,9015.21,1,0.05,8564.45,6326.31,2238.14,UPI,1,3.6,No,Not Applicable,2025,3,March,Q1,26.13
ORD00192,2025-06-28,2025-07-02,Standard Delivery,CUST0086,Akash Kumar,Consumer,Kerala,Thiruvananthapuram,India,12,Home Appliances,Washing Machines,Samsung 7kg Washing Machine,32609.06,1,0.1,29348.15,25522.64,3825.51,UPI,4,3.6,No,Not Applicable,2025,6,June,Q2,13.03
ORD00193,2025-07-25,2025-07-27,Express Delivery,CUST0126,Rahul Shetty,Consumer,Tamil Nadu,Madurai,India,4,Electronics,Laptops,HP 15s Laptop,57494.51,5,0.15,244351.67,228737.21,15614.46,Credit Card,2,4.5,No,Not Applicable,2025,7,July,Q3,6.39
ORD00194,2025-01-09,2025-01-14,Standard Delivery,CUST0139,Shreya Mehta,Corporate,Delhi,Delhi,India,17,Fashion,Womens Wear,Biba Kurti,2541.87,2,0.05,4829.55,2945.07,1884.48,Credit Card,5,3.7,No,Not Applicable,2025,1,January,Q1,39.02
ORD00195,2025-03-29,2025-04-04,Standard Delivery,CUST0104,Aarav Sharma,Consumer,Maharashtra,Nagpur,India,6,Electronics,Televisions,Samsung 43-inch Smart TV,43786.68,4,0.15,148874.71,136907.99,11966.72,UPI,6,4.0,No,Not Applicable,2025,3,March,Q1,8.04
ORD00196,2025-03-17,2025-03-19,Express Delivery,CUST0112,Pooja Gupta,Corporate,Delhi,New Delhi,India,1,Electronics,Smartphones,Samsung Galaxy S24,70036.37,1,0.1,63032.73,53634.65,9398.08,Cash on Delivery,2,4.6,No,Not Applicable,2025,3,March,Q1,14.91
ORD00197,2025-03-19,2025-03-24,Standard Delivery,CUST0058,Simran Sharma,Corporate,Delhi,Delhi,India,4,Electronics,Laptops,HP 15s Laptop,58946.57,2,0.1,106103.83,91187.23,14916.6,UPI,5,4.2,No,Not Applicable,2025,3,March,Q1,14.06
ORD00198,2025-03-30,2025-04-02,Express Delivery,CUST0148,Vikram Sharma,Corporate,Kerala,Thiruvananthapuram,India,2,Electronics,Smartphones,Apple iPhone 15,71559.04,3,0.1,193209.41,159574.55,33634.86,Cash on Delivery,3,4.0,No,Not Applicable,2025,3,March,Q1,17.41
ORD00199,2025-07-29,2025-08-04,Standard Delivery,CUST0072,Aditya Mishra,Consumer,Karnataka,Bengaluru,India,12,Home Appliances,Washing Machines,Samsung 7kg Washing Machine,31613.69,1,0.05,30033.01,25181.94,4851.07,Credit Card,6,3.5,Yes,Changed Mind,2025,7,July,Q3,16.15
ORD00200,2025-01-19,2025-01-24,Standard Delivery,CUST0123,Ravi Patel,Small Business,Karnataka,Mangaluru,India,7,Electronics,Audio,Sony WH-1000XM5 Headphones,30401.41,4,0.1,109445.08,90714.32,18730.76,Cash on Delivery,5,3.1,No,Not Applicable,2025,1,January,Q1,17.11
ORD00201,2025-01-29,2025-01-30,Same Day Delivery,CUST0024,Arjun Reddy,Consumer,Tamil Nadu,Coimbatore,India,9,Home Appliances,Kitchen Appliances,Philips Air Fryer,9012.46,5,0.0,45062.3,31874.76,13187.54,UPI,1,4.7,No,Not Applicable,2025,1,January,Q1,29.27
ORD00202,2025-08-07,2025-08-11,Express Delivery,CUST0177,Meera Patel,Small Business,Telangana,Hyderabad,India,3,Electronics,Smartphones,OnePlus Nord CE 4,24536.09,1,0.1,22082.48,18757.71,3324.77,Debit Card,4,4.6,Yes,Damaged Product,2025,8,August,Q3,15.06
ORD00203,2025-08-18,2025-08-25,Standard Delivery,CUST0020,Kavya Kulkarni,Consumer,Tamil Nadu,Coimbatore,India,20,Beauty & Personal Care,Hair Care,Mamaearth Shampoo,606.12,2,0.1,1091.02,650.79,440.23,UPI,7,4.3,No,Not Applicable,2025,8,August,Q3,40.35
ORD00204,2025-08-21,2025-08-25,Express Delivery,CUST0100,Divya Mishra,Small Business,Maharashtra,Pune,India,4,Electronics,Laptops,HP 15s Laptop,56388.68,4,0.0,225554.72,186856.52,38698.2,UPI,4,4.8,No,Not Applicable,2025,8,August,Q3,17.16
ORD00205,2025-04-08,2025-04-09,Same Day Delivery,CUST0158,Divya Rao,Consumer,Kerala,Thiruvananthapuram,India,1,Electronics,Smartphones,Samsung Galaxy S24,68616.39,1,0.1,61754.75,53838.82,7915.93,Credit Card,1,4.5,No,Not Applicable,2025,4,April,Q2,12.82
ORD00206,2025-06-25,2025-06-30,Standard Delivery,CUST0166,Kavya Kumar,Consumer,Karnataka,Mysuru,India,18,Fashion,Footwear,Campus Running Shoes,2271.93,1,0.15,1931.14,1294.85,636.29,Cash on Delivery,5,3.4,Yes,Late Delivery,2025,6,June,Q2,32.95
ORD00207,2025-09-30,2025-10-02,Express Delivery,CUST0043,Isha Joshi,Small Business,Delhi,Delhi,India,18,Fashion,Footwear,Campus Running Shoes,2146.1,3,0.0,6438.3,3988.33,2449.97,UPI,2,3.7,No,Not Applicable,2025,9,September,Q3,38.05
ORD00208,2025-10-23,2025-10-26,Express Delivery,CUST0061,Karan Kumar,Consumer,Telangana,Warangal,India,1,Electronics,Smartphones,Samsung Galaxy S24,72527.31,2,0.0,145054.62,110193.43,34861.19,Net Banking,3,3.7,No,Not Applicable,2025,10,October,Q4,24.03
ORD00209,2025-06-23,2025-06-25,Express Delivery,CUST0131,Priya Shetty,Consumer,Delhi,New Delhi,India,14,Home & Furniture,Furniture,Wooden Study Table,6461.3,1,0.15,5492.11,4420.68,1071.43,Net Banking,2,4.0,No,Not Applicable,2025,6,June,Q2,19.51
ORD00210,2025-02-27,2025-03-01,Express Delivery,CUST0107,Rohan Iyer,Consumer,Delhi,Delhi,India,8,Electronics,Audio,boAt Airdopes 141,1551.32,2,0.1,2792.38,1752.91,1039.47,Credit Card,2,4.9,Yes,Wrong Product,2025,2,February,Q1,37.23
ORD00211,2025-09-13,2025-09-20,Standard Delivery,CUST0135,Ravi Kulkarni,Consumer,Karnataka,Mysuru,India,4,Electronics,Laptops,HP 15s Laptop,58977.96,1,0.05,56029.06,44166.37,11862.69,UPI,7,4.3,No,Not Applicable,2025,9,September,Q3,21.17
ORD00212,2025-10-30,2025-11-05,Standard Delivery,CUST0084,Nikhil Joshi,Consumer,Telangana,Warangal,India,5,Electronics,Laptops,Lenovo IdeaPad Slim 3,52749.66,1,0.2,42199.73,41632.92,566.81,UPI,6,4.3,No,Not Applicable,2025,10,October,Q4,1.34
ORD00213,2025-08-25,2025-08-27,Express Delivery,CUST0055,Nikhil Das,Consumer,Maharashtra,Nagpur,India,5,Electronics,Laptops,Lenovo IdeaPad Slim 3,53013.88,1,0.05,50363.19,42598.39,7764.8,Credit Card,2,3.4,No,Not Applicable,2025,8,August,Q3,15.42
ORD00214,2025-04-28,2025-05-03,Standard Delivery,CUST0005,Sanjay Nair,Corporate,Kerala,Kochi,India,12,Home Appliances,Washing Machines,Samsung 7kg Washing Machine,31834.43,3,0.15,81177.8,75497.46,5680.34,UPI,5,4.0,No,Not Applicable,2025,4,April,Q2,7.0
ORD00215,2025-04-22,2025-04-26,Standard Delivery,CUST0151,Sneha Sharma,Small Business,Telangana,Hyderabad,India,8,Electronics,Audio,boAt Airdopes 141,1533.71,3,0.1,4141.02,2667.08,1473.94,Credit Card,4,4.6,No,Not Applicable,2025,4,April,Q2,35.59
ORD00216,2025-06-11,2025-06-16,Standard Delivery,CUST0028,Ananya Verma,Small Business,Tamil Nadu,Madurai,India,15,Home & Furniture,Home Decor,LED Table Lamp,1269.86,2,0.05,2412.73,1541.39,871.34,Credit Card,5,5.0,No,Not Applicable,2025,6,June,Q2,36.11
ORD00217,2025-01-19,2025-01-26,Standard Delivery,CUST0074,Arjun Rao,Consumer,Telangana,Warangal,India,1,Electronics,Smartphones,Samsung Galaxy S24,70260.43,1,0.05,66747.41,54244.33,12503.08,Debit Card,7,3.7,No,Not Applicable,2025,1,January,Q1,18.73
ORD00218,2025-12-10,2025-12-13,Express Delivery,CUST0026,Manish Verma,Consumer,Gujarat,Ahmedabad,India,5,Electronics,Laptops,Lenovo IdeaPad Slim 3,54147.25,3,0.1,146197.58,127872.27,18325.31,Cash on Delivery,3,4.6,No,Not Applicable,2025,12,December,Q4,12.53
ORD00219,2025-07-26,2025-07-29,Express Delivery,CUST0029,Meera Patel,Small Business,Delhi,Delhi,India,16,Fashion,Mens Wear,Allen Solly Formal Shirt,2004.7,1,0.15,1704.0,1173.19,530.81,Credit Card,3,4.1,No,Not Applicable,2025,7,July,Q3,31.15
ORD00220,2025-12-05,2025-12-07,Express Delivery,CUST0147,Rohan Singh,Consumer,Uttar Pradesh,Lucknow,India,15,Home & Furniture,Home Decor,LED Table Lamp,1287.34,2,0.0,2574.68,1527.32,1047.36,UPI,2,5.0,No,Not Applicable,2025,12,December,Q4,40.68
ORD00221,2025-07-23,2025-07-30,Standard Delivery,CUST0104,Aarav Sharma,Consumer,West Bengal,Howrah,India,20,Beauty & Personal Care,Hair Care,Mamaearth Shampoo,593.03,2,0.0,1186.06,672.03,514.03,Credit Card,7,3.5,No,Not Applicable,2025,7,July,Q3,43.34
ORD00222,2025-11-16,2025-11-20,Standard Delivery,CUST0040,Priya Iyer,Consumer,Karnataka,Mysuru,India,4,Electronics,Laptops,HP 15s Laptop,58717.1,2,0.15,99819.07,92139.86,7679.21,Debit Card,4,3.3,No,Not Applicable,2025,11,November,Q4,7.69
ORD00223,2025-12-14,2025-12-18,Standard Delivery,CUST0159,Ravi Patel,Consumer,Rajasthan,Jaipur,India,15,Home & Furniture,Home Decor,LED Table Lamp,1291.32,1,0.1,1162.19,752.16,410.03,Debit Card,4,3.6,No,Not Applicable,2025,12,December,Q4,35.28
ORD00224,2025-04-02,2025-04-05,Express Delivery,CUST0009,Simran Kumar,Consumer,Tamil Nadu,Coimbatore,India,17,Fashion,Womens Wear,Biba Kurti,2485.64,1,0.1,2237.08,1473.86,763.22,Cash on Delivery,3,5.0,No,Not Applicable,2025,4,April,Q2,34.12
ORD00225,2025-09-26,2025-09-29,Express Delivery,CUST0011,Aditi Gupta,Consumer,Tamil Nadu,Madurai,India,8,Electronics,Audio,boAt Airdopes 141,1543.21,2,0.2,2469.14,1824.23,644.91,Debit Card,3,3.2,No,Not Applicable,2025,9,September,Q3,26.12
ORD00226,2025-11-14,2025-11-17,Express Delivery,CUST0113,Nikhil Mehta,Consumer,Tamil Nadu,Coimbatore,India,15,Home & Furniture,Home Decor,LED Table Lamp,1270.43,2,0.15,2159.73,1502.59,657.14,UPI,3,3.1,No,Not Applicable,2025,11,November,Q4,30.43
ORD00227,2025-10-05,2025-10-07,Express Delivery,CUST0074,Arjun Rao,Consumer,Kerala,Kochi,India,15,Home & Furniture,Home Decor,LED Table Lamp,1266.55,3,0.15,3229.7,2194.43,1035.27,Credit Card,2,4.4,Yes,Wrong Product,2025,10,October,Q4,32.05
ORD00228,2025-04-30,2025-05-03,Express Delivery,CUST0046,Ananya Mishra,Consumer,Kerala,Thiruvananthapuram,India,14,Home & Furniture,Furniture,Wooden Study Table,6707.47,4,0.05,25488.39,18535.85,6952.54,UPI,3,3.3,No,Not Applicable,2025,4,April,Q2,27.28
ORD00229,2025-09-13,2025-09-20,Standard Delivery,CUST0038,Isha Gupta,Consumer,Karnataka,Mangaluru,India,10,Home Appliances,Kitchen Appliances,Prestige Mixer Grinder,5027.46,1,0.1,4524.71,3458.85,1065.86,Net Banking,7,3.7,No,Not Applicable,2025,9,September,Q3,23.56
ORD00230,2025-10-31,2025-11-03,Standard Delivery,CUST0035,Sneha Kulkarni,Small Business,Karnataka,Mangaluru,India,14,Home & Furniture,Furniture,Wooden Study Table,6399.67,4,0.15,21758.88,17603.26,4155.62,Net Banking,3,4.2,No,Not Applicable,2025,10,October,Q4,19.1
ORD00231,2025-05-05,2025-05-12,Standard Delivery,CUST0138,Aditi Iyer,Small Business,Telangana,Warangal,India,19,Beauty & Personal Care,Skincare,Lakme Face Cream,692.81,2,0.15,1177.78,767.31,410.47,Net Banking,7,3.0,No,Not Applicable,2025,5,May,Q2,34.85
ORD00232,2025-02-20,2025-02-22,Express Delivery,CUST0149,Sneha Shetty,Consumer,West Bengal,Howrah,India,17,Fashion,Womens Wear,Biba Kurti,2499.8,2,0.2,3999.68,2978.16,1021.52,Net Banking,2,4.3,No,Not Applicable,2025,2,February,Q1,25.54
ORD00233,2025-03-16,2025-03-19,Express Delivery,CUST0021,Nikhil Mishra,Consumer,Delhi,New Delhi,India,9,Home Appliances,Kitchen Appliances,Philips Air Fryer,8689.29,2,0.25,13033.94,13042.66,-8.72,Credit Card,3,4.3,No,Not Applicable,2025,3,March,Q1,-0.07
ORD00234,2025-07-28,2025-08-02,Standard Delivery,CUST0093,Ananya Das,Consumer,West Bengal,Howrah,India,20,Beauty & Personal Care,Hair Care,Mamaearth Shampoo,583.26,2,0.0,1166.52,658.16,508.36,Net Banking,5,3.7,No,Not Applicable,2025,7,July,Q3,43.58
ORD00235,2025-03-31,2025-04-05,Standard Delivery,CUST0094,Rohan Mehta,Consumer,Uttar Pradesh,Kanpur,India,5,Electronics,Laptops,Lenovo IdeaPad Slim 3,51203.42,3,0.1,138249.23,126297.02,11952.21,Debit Card,5,4.1,Yes,Wrong Product,2025,3,March,Q1,8.65
ORD00236,2025-05-24,2025-05-30,Standard Delivery,CUST0174,Arjun Shetty,Consumer,Kerala,Kochi,India,16,Fashion,Mens Wear,Allen Solly Formal Shirt,1950.49,3,0.2,4681.18,3499.15,1182.03,Wallet,6,4.2,Yes,Size/Fit Issue,2025,5,May,Q2,25.25
ORD00237,2025-08-27,2025-08-31,Express Delivery,CUST0119,Rohan Patel,Consumer,Delhi,New Delhi,India,14,Home & Furniture,Furniture,Wooden Study Table,6746.14,1,0.0,6746.14,4585.58,2160.56,UPI,4,3.9,No,Not Applicable,2025,8,August,Q3,32.03
ORD00238,2025-12-24,2025-12-28,Standard Delivery,CUST0138,Aditi Iyer,Small Business,Karnataka,Mangaluru,India,5,Electronics,Laptops,Lenovo IdeaPad Slim 3,51574.2,2,0.25,77361.3,81079.87,-3718.57,UPI,4,3.1,No,Not Applicable,2025,12,December,Q4,-4.81
ORD00239,2025-04-03,2025-04-09,Standard Delivery,CUST0094,Rohan Mehta,Consumer,Karnataka,Mysuru,India,7,Electronics,Audio,Sony WH-1000XM5 Headphones,29516.11,1,0.05,28040.3,23141.75,4898.55,Cash on Delivery,6,3.5,Yes,Size/Fit Issue,2025,4,April,Q2,17.47
ORD00240,2025-01-31,2025-02-04,Standard Delivery,CUST0119,Rohan Patel,Consumer,Kerala,Thiruvananthapuram,India,5,Electronics,Laptops,Lenovo IdeaPad Slim 3,52157.52,2,0.15,88667.78,82062.22,6605.56,Net Banking,4,3.8,No,Not Applicable,2025,1,January,Q1,7.45
ORD00241,2025-08-11,2025-08-15,Express Delivery,CUST0057,Rohan Verma,Corporate,Kerala,Kochi,India,2,Electronics,Smartphones,Apple iPhone 15,70315.42,2,0.15,119536.21,109083.54,10452.67,UPI,4,3.8,No,Not Applicable,2025,8,August,Q3,8.74
ORD00242,2025-08-07,2025-08-11,Standard Delivery,CUST0082,Meera Nair,Consumer,Gujarat,Ahmedabad,India,12,Home Appliances,Washing Machines,Samsung 7kg Washing Machine,31635.3,2,0.15,53780.01,51079.38,2700.63,Credit Card,4,4.5,No,Not Applicable,2025,8,August,Q3,5.02
ORD00243,2025-11-14,2025-11-21,Standard Delivery,CUST0141,Aarav Verma,Consumer,Uttar Pradesh,Lucknow,India,5,Electronics,Laptops,Lenovo IdeaPad Slim 3,53044.67,2,0.15,90175.94,84840.64,5335.3,Net Banking,7,3.4,No,Not Applicable,2025,11,November,Q4,5.92
ORD00244,2025-04-30,2025-05-04,Standard Delivery,CUST0053,Manish Gupta,Corporate,Tamil Nadu,Madurai,India,13,Home & Furniture,Furniture,Nilkamal Office Chair,8065.46,2,0.2,12904.74,11251.48,1653.26,Cash on Delivery,4,3.8,No,Not Applicable,2025,4,April,Q2,12.81
ORD00245,2025-09-13,2025-09-15,Express Delivery,CUST0076,Arjun Sharma,Consumer,Gujarat,Vadodara,India,5,Electronics,Laptops,Lenovo IdeaPad Slim 3,51805.16,1,0.1,46624.64,40798.34,5826.3,UPI,2,4.5,Yes,Size/Fit Issue,2025,9,September,Q3,12.5
ORD00246,2025-07-24,2025-07-28,Standard Delivery,CUST0081,Aditya Kulkarni,Consumer,Maharashtra,Mumbai,India,1,Electronics,Smartphones,Samsung Galaxy S24,69921.33,1,0.0,69921.33,55363.2,14558.13,UPI,4,4.7,No,Not Applicable,2025,7,July,Q3,20.82
ORD00247,2025-07-06,2025-07-07,Same Day Delivery,CUST0013,Priya Patel,Small Business,Telangana,Hyderabad,India,16,Fashion,Mens Wear,Allen Solly Formal Shirt,2001.07,2,0.15,3401.82,2328.16,1073.66,Credit Card,1,5.0,No,Not Applicable,2025,7,July,Q3,31.56
ORD00248,2025-04-04,2025-04-09,Standard Delivery,CUST0149,Sneha Shetty,Consumer,Karnataka,Bengaluru,India,8,Electronics,Audio,boAt Airdopes 141,1495.2,1,0.1,1345.68,914.77,430.91,UPI,5,3.8,No,Not Applicable,2025,4,April,Q2,32.02
ORD00249,2025-05-17,2025-05-22,Standard Delivery,CUST0111,Sanjay Joshi,Small Business,Maharashtra,Nagpur,India,11,Home Appliances,Refrigerators,LG 260L Refrigerator,27945.47,2,0.05,53096.39,46619.89,6476.5,UPI,5,4.7,No,Not Applicable,2025,5,May,Q2,12.2
ORD00250,2025-07-09,2025-07-10,Same Day Delivery,CUST0115,Simran Verma,Consumer,Rajasthan,Jaipur,India,17,Fashion,Womens Wear,Biba Kurti,2570.27,1,0.1,2313.24,1479.15,834.09,Credit Card,1,3.9,No,Not Applicable,2025,7,July,Q3,36.06
ORD00251,2025-07-11,2025-07-16,Standard Delivery,CUST0054,Akash Verma,Corporate,Karnataka,Bengaluru,India,3,Electronics,Smartphones,OnePlus Nord CE 4,24663.42,2,0.05,46860.5,37529.81,9330.69,Debit Card,5,3.7,No,Not Applicable,2025,7,July,Q3,19.91
ORD00252,2025-02-07,2025-02-10,Express Delivery,CUST0119,Rohan Patel,Consumer,Delhi,Delhi,India,4,Electronics,Laptops,HP 15s Laptop,57246.66,1,0.2,45797.33,45378.84,418.49,Credit Card,3,3.7,No,Not Applicable,2025,2,February,Q1,0.91
ORD00253,2025-03-24,2025-03-25,Same Day Delivery,CUST0099,Pooja Rao,Consumer,Maharashtra,Nagpur,India,1,Electronics,Smartphones,Samsung Galaxy S24,70228.61,1,0.25,52671.46,55570.9,-2899.44,Credit Card,1,3.9,No,Not Applicable,2025,3,March,Q1,-5.5
ORD00254,2025-07-03,2025-07-10,Standard Delivery,CUST0076,Arjun Sharma,Consumer,Tamil Nadu,Madurai,India,14,Home & Furniture,Furniture,Wooden Study Table,6337.51,2,0.2,10140.02,8732.71,1407.31,Debit Card,7,3.4,No,Not Applicable,2025,7,July,Q3,13.88
ORD00255,2025-07-30,2025-08-03,Express Delivery,CUST0067,Vikram Rao,Small Business,Tamil Nadu,Madurai,India,16,Fashion,Mens Wear,Allen Solly Formal Shirt,2057.36,3,0.1,5554.87,3398.14,2156.73,Credit Card,4,3.4,No,Not Applicable,2025,7,July,Q3,38.83
ORD00256,2025-05-09,2025-05-14,Standard Delivery,CUST0089,Ananya Mishra,Consumer,Kerala,Kochi,India,20,Beauty & Personal Care,Hair Care,Mamaearth Shampoo,610.26,3,0.0,1830.78,991.87,838.91,UPI,5,3.4,No,Not Applicable,2025,5,May,Q2,45.82
ORD00257,2025-10-29,2025-11-01,Standard Delivery,CUST0025,Sanjay Nair,Corporate,Maharashtra,Mumbai,India,5,Electronics,Laptops,Lenovo IdeaPad Slim 3,51794.16,1,0.0,51794.16,40292.79,11501.37,Net Banking,3,3.8,No,Not Applicable,2025,10,October,Q4,22.21
ORD00258,2025-05-18,2025-05-25,Standard Delivery,CUST0089,Ananya Mishra,Consumer,West Bengal,Howrah,India,11,Home Appliances,Refrigerators,LG 260L Refrigerator,29168.25,3,0.0,87504.75,68850.88,18653.87,UPI,7,4.7,Yes,Late Delivery,2025,5,May,Q2,21.32
ORD00259,2025-12-26,2025-12-27,Same Day Delivery,CUST0051,Kavya Das,Small Business,Kerala,Thiruvananthapuram,India,12,Home Appliances,Washing Machines,Samsung 7kg Washing Machine,32163.96,1,0.0,32163.96,24694.54,7469.42,Cash on Delivery,1,3.2,No,Not Applicable,2025,12,December,Q4,23.22
ORD00260,2025-09-04,2025-09-07,Express Delivery,CUST0031,Manish Patel,Consumer,Karnataka,Bengaluru,India,8,Electronics,Audio,boAt Airdopes 141,1455.58,5,0.1,6550.11,4550.97,1999.14,UPI,3,3.7,No,Not Applicable,2025,9,September,Q3,30.52
ORD00261,2025-07-27,2025-07-30,Express Delivery,CUST0008,Ananya Gupta,Consumer,Maharashtra,Mumbai,India,17,Fashion,Womens Wear,Biba Kurti,2565.89,2,0.0,5131.78,2875.35,2256.43,UPI,3,5.0,No,Not Applicable,2025,7,July,Q3,43.97
ORD00262,2025-09-26,2025-09-27,Same Day Delivery,CUST0159,Ravi Patel,Consumer,Tamil Nadu,Madurai,India,6,Electronics,Televisions,Samsung 43-inch Smart TV,42726.42,2,0.0,85452.84,67408.76,18044.08,UPI,1,4.4,No,Not Applicable,2025,9,September,Q3,21.12
ORD00263,2025-02-28,2025-03-02,Express Delivery,CUST0146,Sanjay Singh,Consumer,Tamil Nadu,Chennai,India,14,Home & Furniture,Furniture,Wooden Study Table,6363.37,3,0.05,18135.6,13509.96,4625.64,Debit Card,2,4.6,No,Not Applicable,2025,2,February,Q1,25.51
ORD00264,2025-05-02,2025-05-07,Standard Delivery,CUST0176,Isha Shetty,Corporate,Karnataka,Bengaluru,India,17,Fashion,Womens Wear,Biba Kurti,2487.83,4,0.25,7463.49,5887.01,1576.48,UPI,5,3.4,No,Not Applicable,2025,5,May,Q2,21.12
ORD00265,2025-11-20,2025-11-25,Standard Delivery,CUST0040,Priya Iyer,Consumer,Maharashtra,Pune,India,4,Electronics,Laptops,HP 15s Laptop,59749.79,2,0.0,119499.58,91311.44,28188.14,Cash on Delivery,5,4.2,No,Not Applicable,2025,11,November,Q4,23.59
ORD00266,2025-12-30,2026-01-05,Standard Delivery,CUST0115,Simran Verma,Consumer,Telangana,Hyderabad,India,16,Fashion,Mens Wear,Allen Solly Formal Shirt,2004.0,2,0.15,3406.8,2324.49,1082.31,Cash on Delivery,6,3.7,No,Not Applicable,2025,12,December,Q4,31.77
ORD00267,2025-12-16,2025-12-21,Standard Delivery,CUST0134,Simran Mehta,Consumer,West Bengal,Kolkata,India,14,Home & Furniture,Furniture,Wooden Study Table,6499.25,1,0.15,5524.36,4482.12,1042.24,UPI,5,4.2,No,Not Applicable,2025,12,December,Q4,18.87
ORD00268,2025-11-19,2025-11-21,Express Delivery,CUST0106,Vikram Kumar,Consumer,Karnataka,Bengaluru,India,4,Electronics,Laptops,HP 15s Laptop,56648.74,1,0.05,53816.3,46475.13,7341.17,UPI,2,4.1,No,Not Applicable,2025,11,November,Q4,13.64
ORD00269,2025-09-04,2025-09-08,Standard Delivery,CUST0011,Aditi Gupta,Consumer,Telangana,Warangal,India,3,Electronics,Smartphones,OnePlus Nord CE 4,24918.3,5,0.05,118361.93,94606.61,23755.32,UPI,4,3.9,No,Not Applicable,2025,9,September,Q3,20.07
ORD00270,2025-08-03,2025-08-05,Express Delivery,CUST0030,Vikram Joshi,Consumer,Rajasthan,Jodhpur,India,13,Home & Furniture,Furniture,Nilkamal Office Chair,8189.19,2,0.1,14740.54,11350.68,3389.86,Cash on Delivery,2,2.7,Yes,Damaged Product,2025,8,August,Q3,23.0
ORD00271,2025-02-17,2025-02-24,Standard Delivery,CUST0010,Shreya Reddy,Consumer,Maharashtra,Nagpur,India,13,Home & Furniture,Furniture,Nilkamal Office Chair,7858.15,1,0.05,7465.24,5525.31,1939.93,UPI,7,3.4,No,Not Applicable,2025,2,February,Q1,25.99
ORD00272,2025-08-27,2025-09-02,Standard Delivery,CUST0048,Sneha Mishra,Small Business,Kerala,Thiruvananthapuram,India,13,Home & Furniture,Furniture,Nilkamal Office Chair,7718.64,2,0.0,15437.28,11223.77,4213.51,UPI,6,4.4,No,Not Applicable,2025,8,August,Q3,27.29
ORD00273,2025-03-04,2025-03-05,Same Day Delivery,CUST0124,Aditi Rao,Corporate,Telangana,Warangal,India,11,Home Appliances,Refrigerators,LG 260L Refrigerator,28354.72,3,0.05,80810.95,70313.64,10497.31,UPI,1,4.7,No,Not Applicable,2025,3,March,Q1,12.99
ORD00274,2025-05-31,2025-06-03,Express Delivery,CUST0144,Ananya Kumar,Consumer,Tamil Nadu,Madurai,India,13,Home & Furniture,Furniture,Nilkamal Office Chair,8144.6,3,0.15,20768.73,16784.27,3984.46,UPI,3,4.0,No,Not Applicable,2025,5,May,Q2,19.18
ORD00275,2025-06-14,2025-06-20,Standard Delivery,CUST0027,Rohan Patel,Small Business,Uttar Pradesh,Lucknow,India,20,Beauty & Personal Care,Hair Care,Mamaearth Shampoo,594.58,3,0.05,1694.55,967.76,726.79,Debit Card,6,3.5,No,Not Applicable,2025,6,June,Q2,42.89
ORD00276,2025-08-09,2025-08-11,Express Delivery,CUST0100,Divya Mishra,Small Business,Uttar Pradesh,Noida,India,4,Electronics,Laptops,HP 15s Laptop,58677.09,1,0.0,58677.09,46524.07,12153.02,Credit Card,2,4.6,No,Not Applicable,2025,8,August,Q3,20.71
ORD00277,2025-01-05,2025-01-10,Standard Delivery,CUST0148,Vikram Sharma,Corporate,Kerala,Kochi,India,5,Electronics,Laptops,Lenovo IdeaPad Slim 3,55066.18,1,0.0,55066.18,40329.75,14736.43,UPI,5,4.7,No,Not Applicable,2025,1,January,Q1,26.76
ORD00278,2025-12-07,2025-12-12,Standard Delivery,CUST0159,Ravi Patel,Consumer,Tamil Nadu,Chennai,India,2,Electronics,Smartphones,Apple iPhone 15,70564.17,2,0.1,127015.51,109071.57,17943.94,UPI,5,3.6,No,Not Applicable,2025,12,December,Q4,14.13
ORD00279,2025-03-29,2025-04-02,Standard Delivery,CUST0129,Aditi Reddy,Consumer,Karnataka,Bengaluru,India,4,Electronics,Laptops,HP 15s Laptop,56846.83,2,0.1,102324.29,90841.39,11482.9,Debit Card,4,4.3,No,Not Applicable,2025,3,March,Q1,11.22
ORD00280,2025-09-17,2025-09-21,Express Delivery,CUST0108,Sneha Mehta,Corporate,Karnataka,Mangaluru,India,8,Electronics,Audio,boAt Airdopes 141,1455.24,1,0.25,1091.43,881.2,210.23,Cash on Delivery,4,4.7,Yes,Damaged Product,2025,9,September,Q3,19.26
ORD00281,2025-03-25,2025-03-28,Standard Delivery,CUST0166,Kavya Kumar,Consumer,Maharashtra,Mumbai,India,10,Home Appliances,Kitchen Appliances,Prestige Mixer Grinder,5049.12,2,0.05,9593.33,7103.77,2489.56,UPI,3,3.7,No,Not Applicable,2025,3,March,Q1,25.95
ORD00282,2025-03-30,2025-04-05,Standard Delivery,CUST0066,Rohan Joshi,Corporate,Telangana,Hyderabad,India,12,Home Appliances,Washing Machines,Samsung 7kg Washing Machine,32775.05,1,0.1,29497.55,25513.02,3984.53,Debit Card,6,4.5,No,Not Applicable,2025,3,March,Q1,13.51
ORD00283,2025-06-08,2025-06-11,Standard Delivery,CUST0057,Rohan Verma,Corporate,West Bengal,Kolkata,India,15,Home & Furniture,Home Decor,LED Table Lamp,1305.64,4,0.1,4700.3,3000.05,1700.25,Debit Card,3,4.1,No,Not Applicable,2025,6,June,Q2,36.17
ORD00284,2025-02-05,2025-02-10,Standard Delivery,CUST0173,Sneha Singh,Consumer,Tamil Nadu,Coimbatore,India,16,Fashion,Mens Wear,Allen Solly Formal Shirt,1968.28,5,0.1,8857.26,5866.45,2990.81,UPI,5,4.4,No,Not Applicable,2025,2,February,Q1,33.77
ORD00285,2025-07-06,2025-07-10,Standard Delivery,CUST0149,Sneha Shetty,Consumer,Delhi,Delhi,India,7,Electronics,Audio,Sony WH-1000XM5 Headphones,29566.61,1,0.15,25131.62,22722.83,2408.79,UPI,4,3.6,No,Not Applicable,2025,7,July,Q3,9.58
ORD00286,2025-12-09,2025-12-12,Standard Delivery,CUST0104,Aarav Sharma,Consumer,Tamil Nadu,Coimbatore,India,15,Home & Furniture,Home Decor,LED Table Lamp,1280.58,4,0.0,5122.32,3009.78,2112.54,Cash on Delivery,3,4.4,No,Not Applicable,2025,12,December,Q4,41.24
ORD00287,2025-07-31,2025-08-04,Standard Delivery,CUST0035,Sneha Kulkarni,Small Business,Uttar Pradesh,Lucknow,India,6,Electronics,Televisions,Samsung 43-inch Smart TV,43570.95,3,0.05,124177.21,103447.68,20729.53,Credit Card,4,4.0,No,Not Applicable,2025,7,July,Q3,16.69
ORD00288,2025-02-23,2025-02-26,Express Delivery,CUST0016,Shreya Das,Corporate,West Bengal,Howrah,India,3,Electronics,Smartphones,OnePlus Nord CE 4,24610.5,3,0.05,70139.93,56667.25,13472.68,UPI,3,4.4,No,Not Applicable,2025,2,February,Q1,19.21
ORD00289,2025-05-11,2025-05-12,Same Day Delivery,CUST0163,Aditya Verma,Corporate,Kerala,Thiruvananthapuram,India,12,Home Appliances,Washing Machines,Samsung 7kg Washing Machine,32768.24,2,0.05,62259.66,49777.81,12481.85,UPI,1,4.8,No,Not Applicable,2025,5,May,Q2,20.05
ORD00290,2025-02-21,2025-02-26,Standard Delivery,CUST0111,Sanjay Joshi,Small Business,Delhi,Delhi,India,11,Home Appliances,Refrigerators,LG 260L Refrigerator,30064.9,1,0.0,30064.9,22459.1,7605.8,Credit Card,5,4.4,Yes,Damaged Product,2025,2,February,Q1,25.3
ORD00291,2025-02-08,2025-02-12,Standard Delivery,CUST0179,Arjun Shetty,Consumer,Delhi,New Delhi,India,14,Home & Furniture,Furniture,Wooden Study Table,6723.89,1,0.05,6387.7,4506.27,1881.43,Debit Card,4,3.4,No,Not Applicable,2025,2,February,Q1,29.45
ORD00292,2025-09-20,2025-09-24,Standard Delivery,CUST0011,Aditi Gupta,Consumer,Uttar Pradesh,Lucknow,India,12,Home Appliances,Washing Machines,Samsung 7kg Washing Machine,31628.18,3,0.1,85396.09,76851.03,8545.06,UPI,4,4.1,No,Not Applicable,2025,9,September,Q3,10.01
ORD00293,2025-04-28,2025-04-29,Same Day Delivery,CUST0054,Akash Verma,Corporate,Tamil Nadu,Coimbatore,India,4,Electronics,Laptops,HP 15s Laptop,57777.45,2,0.15,98221.66,90521.05,7700.61,UPI,1,4.4,No,Not Applicable,2025,4,April,Q2,7.84
ORD00294,2025-01-26,2025-01-30,Standard Delivery,CUST0153,Isha Nair,Small Business,Karnataka,Mangaluru,India,1,Electronics,Smartphones,Samsung Galaxy S24,70884.36,2,0.0,141768.72,111225.42,30543.3,Credit Card,4,4.0,No,Not Applicable,2025,1,January,Q1,21.54
ORD00295,2025-08-05,2025-08-11,Standard Delivery,CUST0179,Arjun Shetty,Consumer,Karnataka,Mangaluru,India,15,Home & Furniture,Home Decor,LED Table Lamp,1288.29,2,0.1,2318.92,1495.98,822.94,UPI,6,3.5,No,Not Applicable,2025,8,August,Q3,35.49
ORD00296,2025-11-02,2025-11-06,Standard Delivery,CUST0052,Isha Kulkarni,Corporate,Tamil Nadu,Chennai,India,2,Electronics,Smartphones,Apple iPhone 15,71008.33,1,0.1,63907.5,53076.33,10831.17,UPI,4,3.6,No,Not Applicable,2025,11,November,Q4,16.95
ORD00297,2025-10-19,2025-10-21,Express Delivery,CUST0178,Aditi Iyer,Consumer,Gujarat,Vadodara,India,14,Home & Furniture,Furniture,Wooden Study Table,6695.93,1,0.0,6695.93,4515.76,2180.17,Debit Card,2,4.0,No,Not Applicable,2025,10,October,Q4,32.56
ORD00298,2025-05-12,2025-05-13,Same Day Delivery,CUST0030,Vikram Joshi,Consumer,Karnataka,Mangaluru,India,2,Electronics,Smartphones,Apple iPhone 15,71485.16,2,0.15,121524.77,106555.41,14969.36,UPI,1,3.1,No,Not Applicable,2025,5,May,Q2,12.32
ORD00299,2025-03-28,2025-03-29,Same Day Delivery,CUST0090,Rahul Nair,Corporate,Maharashtra,Pune,India,12,Home Appliances,Washing Machines,Samsung 7kg Washing Machine,32031.67,1,0.05,30430.09,25120.97,5309.12,Debit Card,1,3.8,No,Not Applicable,2025,3,March,Q1,17.45
ORD00300,2025-09-28,2025-10-03,Standard Delivery,CUST0002,Nikhil Mehta,Consumer,Delhi,New Delhi,India,12,Home Appliances,Washing Machines,Samsung 7kg Washing Machine,33019.83,1,0.1,29717.85,24824.82,4893.03,UPI,5,3.8,No,Not Applicable,2025,9,September,Q3,16.46
ORD00301,2025-03-09,2025-03-12,Express Delivery,CUST0123,Ravi Patel,Small Business,Delhi,New Delhi,India,2,Electronics,Smartphones,Apple iPhone 15,71722.61,3,0.1,193651.05,163277.78,30373.27,Credit Card,3,5.0,No,Not Applicable,2025,3,March,Q1,15.68
ORD00302,2025-08-08,2025-08-11,Express Delivery,CUST0179,Arjun Shetty,Consumer,Delhi,New Delhi,India,13,Home & Furniture,Furniture,Nilkamal Office Chair,8183.13,3,0.15,20866.98,16581.63,4285.35,Credit Card,3,4.7,No,Not Applicable,2025,8,August,Q3,20.54
ORD00303,2025-05-03,2025-05-05,Express Delivery,CUST0111,Sanjay Joshi,Small Business,Maharashtra,Pune,India,15,Home & Furniture,Home Decor,LED Table Lamp,1335.87,2,0.05,2538.15,1540.72,997.43,UPI,2,4.8,No,Not Applicable,2025,5,May,Q2,39.3
ORD00304,2025-07-14,2025-07-16,Express Delivery,CUST0009,Simran Kumar,Consumer,Gujarat,Ahmedabad,India,7,Electronics,Audio,Sony WH-1000XM5 Headphones,29234.92,1,0.0,29234.92,22555.71,6679.21,Wallet,2,5.0,No,Not Applicable,2025,7,July,Q3,22.85
ORD00305,2025-11-02,2025-11-06,Express Delivery,CUST0012,Pooja Mishra,Consumer,West Bengal,Howrah,India,14,Home & Furniture,Furniture,Wooden Study Table,6425.24,2,0.05,12207.96,9264.33,2943.63,UPI,4,3.6,No,Not Applicable,2025,11,November,Q4,24.11
ORD00306,2025-11-15,2025-11-16,Same Day Delivery,CUST0092,Nikhil Mehta,Small Business,Delhi,New Delhi,India,15,Home & Furniture,Home Decor,LED Table Lamp,1307.27,2,0.1,2353.09,1457.0,896.09,UPI,1,4.3,No,Not Applicable,2025,11,November,Q4,38.08
ORD00307,2025-01-06,2025-01-09,Express Delivery,CUST0024,Arjun Reddy,Consumer,Tamil Nadu,Coimbatore,India,13,Home & Furniture,Furniture,Nilkamal Office Chair,7793.61,1,0.0,7793.61,5699.96,2093.65,Credit Card,3,4.1,No,Not Applicable,2025,1,January,Q1,26.86
ORD00308,2025-09-06,2025-09-09,Express Delivery,CUST0147,Rohan Singh,Consumer,West Bengal,Kolkata,India,14,Home & Furniture,Furniture,Wooden Study Table,6493.73,5,0.15,27598.35,22676.47,4921.88,UPI,3,4.0,No,Not Applicable,2025,9,September,Q3,17.83
ORD00309,2025-03-17,2025-03-20,Express Delivery,CUST0092,Nikhil Mehta,Small Business,Rajasthan,Jaipur,India,19,Beauty & Personal Care,Skincare,Lakme Face Cream,681.17,2,0.0,1362.34,801.4,560.94,Credit Card,3,4.8,No,Not Applicable,2025,3,March,Q1,41.17
ORD00310,2025-05-30,2025-06-03,Express Delivery,CUST0016,Shreya Das,Corporate,Delhi,New Delhi,India,13,Home & Furniture,Furniture,Nilkamal Office Chair,8286.5,1,0.0,8286.5,5727.55,2558.95,UPI,4,5.0,No,Not Applicable,2025,5,May,Q2,30.88
ORD00311,2025-03-05,2025-03-10,Standard Delivery,CUST0087,Rohan Sharma,Consumer,Gujarat,Vadodara,India,13,Home & Furniture,Furniture,Nilkamal Office Chair,7782.36,2,0.1,14008.25,11181.01,2827.24,UPI,5,4.0,No,Not Applicable,2025,3,March,Q1,20.18
ORD00312,2025-02-19,2025-02-24,Standard Delivery,CUST0176,Isha Shetty,Corporate,Delhi,Delhi,India,9,Home Appliances,Kitchen Appliances,Philips Air Fryer,8779.97,3,0.05,25022.91,19515.41,5507.5,UPI,5,3.9,No,Not Applicable,2025,2,February,Q1,22.01
ORD00313,2025-04-02,2025-04-05,Standard Delivery,CUST0145,Arjun Kulkarni,Small Business,Kerala,Thiruvananthapuram,India,18,Fashion,Footwear,Campus Running Shoes,2153.71,2,0.2,3445.94,2536.24,909.7,UPI,3,3.7,No,Not Applicable,2025,4,April,Q2,26.4
ORD00314,2025-12-10,2025-12-13,Express Delivery,CUST0035,Sneha Kulkarni,Small Business,Uttar Pradesh,Lucknow,India,13,Home & Furniture,Furniture,Nilkamal Office Chair,8055.37,2,0.0,16110.74,11076.4,5034.34,Debit Card,3,5.0,No,Not Applicable,2025,12,December,Q4,31.25
ORD00315,2025-11-25,2025-11-30,Standard Delivery,CUST0129,Aditi Reddy,Consumer,Tamil Nadu,Chennai,India,2,Electronics,Smartphones,Apple iPhone 15,69255.42,1,0.15,58867.11,53792.62,5074.49,UPI,5,4.3,No,Not Applicable,2025,11,November,Q4,8.62
ORD00316,2025-01-10,2025-01-14,Standard Delivery,CUST0030,Vikram Joshi,Consumer,Kerala,Thiruvananthapuram,India,20,Beauty & Personal Care,Hair Care,Mamaearth Shampoo,593.61,1,0.1,534.25,337.2,197.05,UPI,4,3.6,No,Not Applicable,2025,1,January,Q1,36.88
ORD00317,2025-11-04,2025-11-06,Express Delivery,CUST0069,Sneha Rao,Consumer,Telangana,Warangal,India,15,Home & Furniture,Home Decor,LED Table Lamp,1343.87,2,0.1,2418.97,1544.73,874.24,Net Banking,2,4.0,Yes,Wrong Product,2025,11,November,Q4,36.14
ORD00318,2025-04-09,2025-04-13,Express Delivery,CUST0042,Shreya Das,Consumer,Uttar Pradesh,Lucknow,India,12,Home Appliances,Washing Machines,Samsung 7kg Washing Machine,30813.51,1,0.2,24650.81,25018.32,-367.51,Debit Card,4,4.2,No,Not Applicable,2025,4,April,Q2,-1.49
ORD00319,2025-12-07,2025-12-11,Standard Delivery,CUST0151,Sneha Sharma,Small Business,Telangana,Warangal,India,19,Beauty & Personal Care,Skincare,Lakme Face Cream,679.53,4,0.0,2718.12,1543.95,1174.17,Wallet,4,4.8,No,Not Applicable,2025,12,December,Q4,43.2
ORD00320,2025-07-14,2025-07-20,Standard Delivery,CUST0099,Pooja Rao,Consumer,Telangana,Warangal,India,20,Beauty & Personal Care,Hair Care,Mamaearth Shampoo,594.46,3,0.05,1694.21,976.29,717.92,Net Banking,6,4.2,No,Not Applicable,2025,7,July,Q3,42.37
ORD00321,2025-08-05,2025-08-08,Standard Delivery,CUST0035,Sneha Kulkarni,Small Business,Uttar Pradesh,Lucknow,India,19,Beauty & Personal Care,Skincare,Lakme Face Cream,690.01,4,0.05,2622.04,1519.04,1103.0,UPI,3,4.3,No,Not Applicable,2025,8,August,Q3,42.07
ORD00322,2025-07-10,2025-07-12,Express Delivery,CUST0173,Sneha Singh,Consumer,Uttar Pradesh,Noida,India,10,Home Appliances,Kitchen Appliances,Prestige Mixer Grinder,5075.11,3,0.0,15225.33,10780.37,4444.96,Credit Card,2,4.3,No,Not Applicable,2025,7,July,Q3,29.19
ORD00323,2025-01-26,2025-01-28,Express Delivery,CUST0127,Aarav Sharma,Consumer,Karnataka,Mysuru,India,3,Electronics,Smartphones,OnePlus Nord CE 4,24889.82,1,0.0,24889.82,18526.05,6363.77,Wallet,2,4.7,No,Not Applicable,2025,1,January,Q1,25.57
ORD00324,2025-11-23,2025-11-29,Standard Delivery,CUST0137,Rahul Singh,Consumer,West Bengal,Kolkata,India,8,Electronics,Audio,boAt Airdopes 141,1543.74,2,0.05,2933.11,1764.24,1168.87,Credit Card,6,3.4,No,Not Applicable,2025,11,November,Q4,39.85
ORD00325,2025-06-21,2025-06-26,Standard Delivery,CUST0087,Rohan Sharma,Consumer,Maharashtra,Nagpur,India,10,Home Appliances,Kitchen Appliances,Prestige Mixer Grinder,5087.14,2,0.05,9665.57,7004.67,2660.9,Cash on Delivery,5,3.7,No,Not Applicable,2025,6,June,Q2,27.53
ORD00326,2025-04-26,2025-04-29,Standard Delivery,CUST0014,Manish Sharma,Consumer,Kerala,Kochi,India,17,Fashion,Womens Wear,Biba Kurti,2521.39,1,0.0,2521.39,1433.15,1088.24,Credit Card,3,4.4,No,Not Applicable,2025,4,April,Q2,43.16
ORD00327,2025-09-04,2025-09-05,Same Day Delivery,CUST0008,Ananya Gupta,Consumer,Kerala,Thiruvananthapuram,India,15,Home & Furniture,Home Decor,LED Table Lamp,1348.63,3,0.0,4045.89,2261.15,1784.74,Net Banking,1,3.5,No,Not Applicable,2025,9,September,Q3,44.11
ORD00328,2025-03-23,2025-03-26,Express Delivery,CUST0159,Ravi Patel,Consumer,Karnataka,Bengaluru,India,6,Electronics,Televisions,Samsung 43-inch Smart TV,42909.58,1,0.05,40764.1,33402.05,7362.05,Credit Card,3,4.3,No,Not Applicable,2025,3,March,Q1,18.06
ORD00329,2025-01-22,2025-01-25,Express Delivery,CUST0035,Sneha Kulkarni,Small Business,Uttar Pradesh,Kanpur,India,17,Fashion,Womens Wear,Biba Kurti,2408.25,1,0.05,2287.84,1487.48,800.36,UPI,3,4.8,No,Not Applicable,2025,1,January,Q1,34.98
ORD00330,2025-07-20,2025-07-23,Standard Delivery,CUST0170,Divya Mehta,Small Business,Maharashtra,Mumbai,India,11,Home Appliances,Refrigerators,LG 260L Refrigerator,29551.92,4,0.15,100476.53,90166.34,10310.19,Cash on Delivery,3,3.1,No,Not Applicable,2025,7,July,Q3,10.26
ORD00331,2025-04-07,2025-04-11,Express Delivery,CUST0001,Rohan Singh,Corporate,Karnataka,Bengaluru,India,18,Fashion,Footwear,Campus Running Shoes,2236.12,1,0.15,1900.7,1279.29,621.41,UPI,4,3.5,No,Not Applicable,2025,4,April,Q2,32.69
ORD00332,2025-04-23,2025-04-26,Express Delivery,CUST0013,Priya Patel,Small Business,Karnataka,Mysuru,India,13,Home & Furniture,Furniture,Nilkamal Office Chair,8200.62,3,0.15,20911.58,17180.47,3731.11,UPI,3,4.7,No,Not Applicable,2025,4,April,Q2,17.84
ORD00333,2025-07-15,2025-07-21,Standard Delivery,CUST0067,Vikram Rao,Small Business,Rajasthan,Jodhpur,India,10,Home Appliances,Kitchen Appliances,Prestige Mixer Grinder,5111.98,2,0.05,9712.76,7162.33,2550.43,UPI,6,3.6,No,Not Applicable,2025,7,July,Q3,26.26
ORD00334,2025-10-25,2025-10-28,Standard Delivery,CUST0179,Arjun Shetty,Consumer,Karnataka,Mysuru,India,20,Beauty & Personal Care,Hair Care,Mamaearth Shampoo,589.79,3,0.0,1769.37,974.63,794.74,UPI,3,4.7,No,Not Applicable,2025,10,October,Q4,44.92
ORD00335,2025-11-12,2025-11-13,Same Day Delivery,CUST0099,Pooja Rao,Consumer,Tamil Nadu,Chennai,India,11,Home Appliances,Refrigerators,LG 260L Refrigerator,28596.1,4,0.1,102945.96,89829.54,13116.42,UPI,1,3.6,No,Not Applicable,2025,11,November,Q4,12.74
ORD00336,2025-07-26,2025-07-28,Express Delivery,CUST0110,Rahul Sharma,Consumer,Uttar Pradesh,Noida,India,19,Beauty & Personal Care,Skincare,Lakme Face Cream,713.59,1,0.0,713.59,379.3,334.29,UPI,2,3.6,No,Not Applicable,2025,7,July,Q3,46.85
ORD00337,2025-10-04,2025-10-10,Standard Delivery,CUST0016,Shreya Das,Corporate,Maharashtra,Mumbai,India,8,Electronics,Audio,boAt Airdopes 141,1539.34,1,0.0,1539.34,900.13,639.21,Wallet,6,4.4,No,Not Applicable,2025,10,October,Q4,41.52
ORD00338,2025-07-25,2025-07-27,Express Delivery,CUST0078,Nikhil Mishra,Consumer,Telangana,Warangal,India,19,Beauty & Personal Care,Skincare,Lakme Face Cream,696.05,3,0.05,1983.74,1193.15,790.59,Debit Card,2,4.2,No,Not Applicable,2025,7,July,Q3,39.85
ORD00339,2025-02-27,2025-03-03,Standard Delivery,CUST0146,Sanjay Singh,Consumer,Maharashtra,Mumbai,India,13,Home & Furniture,Furniture,Nilkamal Office Chair,7904.5,4,0.2,25294.4,21785.93,3508.47,Wallet,4,3.8,No,Not Applicable,2025,2,February,Q1,13.87
ORD00340,2025-03-28,2025-04-01,Express Delivery,CUST0038,Isha Gupta,Consumer,Telangana,Warangal,India,3,Electronics,Smartphones,OnePlus Nord CE 4,24291.07,2,0.05,46153.03,38998.79,7154.24,Debit Card,4,4.1,No,Not Applicable,2025,3,March,Q1,15.5
ORD00341,2025-04-15,2025-04-18,Standard Delivery,CUST0001,Rohan Singh,Corporate,Delhi,Delhi,India,6,Electronics,Televisions,Samsung 43-inch Smart TV,43330.84,1,0.0,43330.84,34131.91,9198.93,UPI,3,4.7,No,Not Applicable,2025,4,April,Q2,21.23
ORD00342,2025-02-25,2025-03-02,Standard Delivery,CUST0041,Neha Singh,Consumer,Gujarat,Surat,India,17,Fashion,Womens Wear,Biba Kurti,2493.51,1,0.1,2244.16,1439.41,804.75,UPI,5,3.2,No,Not Applicable,2025,2,February,Q1,35.86
ORD00343,2025-07-22,2025-07-26,Standard Delivery,CUST0074,Arjun Rao,Consumer,Kerala,Thiruvananthapuram,India,11,Home Appliances,Refrigerators,LG 260L Refrigerator,29095.5,1,0.05,27640.72,22595.74,5044.98,Cash on Delivery,4,4.4,No,Not Applicable,2025,7,July,Q3,18.25
ORD00344,2025-11-20,2025-11-23,Standard Delivery,CUST0081,Aditya Kulkarni,Consumer,Karnataka,Mysuru,India,16,Fashion,Mens Wear,Allen Solly Formal Shirt,1957.46,2,0.15,3327.68,2292.24,1035.44,Net Banking,3,3.9,No,Not Applicable,2025,11,November,Q4,31.12
ORD00345,2025-07-31,2025-08-05,Standard Delivery,CUST0101,Karan Shetty,Corporate,Delhi,New Delhi,India,9,Home Appliances,Kitchen Appliances,Philips Air Fryer,8641.8,4,0.0,34567.2,26003.13,8564.07,UPI,5,3.2,No,Not Applicable,2025,7,July,Q3,24.78
ORD00346,2025-09-04,2025-09-07,Express Delivery,CUST0019,Neha Shetty,Consumer,Karnataka,Mysuru,India,14,Home & Furniture,Furniture,Wooden Study Table,6493.31,5,0.1,29219.9,22299.73,6920.17,Cash on Delivery,3,4.2,No,Not Applicable,2025,9,September,Q3,23.68
ORD00347,2025-11-15,2025-11-18,Standard Delivery,CUST0131,Priya Shetty,Consumer,Telangana,Hyderabad,India,3,Electronics,Smartphones,OnePlus Nord CE 4,25201.76,5,0.15,107107.48,94083.56,13023.92,Cash on Delivery,3,4.9,No,Not Applicable,2025,11,November,Q4,12.16
ORD00348,2025-12-14,2025-12-17,Express Delivery,CUST0134,Simran Mehta,Consumer,Delhi,Delhi,India,7,Electronics,Audio,Sony WH-1000XM5 Headphones,29279.99,3,0.1,79055.97,66657.24,12398.73,UPI,3,3.2,No,Not Applicable,2025,12,December,Q4,15.68
ORD00349,2025-09-10,2025-09-15,Standard Delivery,CUST0154,Neha Kumar,Small Business,West Bengal,Howrah,India,12,Home Appliances,Washing Machines,Samsung 7kg Washing Machine,32054.11,2,0.2,51286.58,50621.84,664.74,UPI,5,4.5,No,Not Applicable,2025,9,September,Q3,1.3
ORD00350,2025-05-10,2025-05-17,Standard Delivery,CUST0084,Nikhil Joshi,Consumer,Uttar Pradesh,Kanpur,India,3,Electronics,Smartphones,OnePlus Nord CE 4,25710.07,2,0.15,43707.12,37813.7,5893.42,Credit Card,7,4.1,No,Not Applicable,2025,5,May,Q2,13.48
ORD00351,2025-12-22,2025-12-24,Express Delivery,CUST0022,Sanjay Rao,Corporate,Karnataka,Mangaluru,India,19,Beauty & Personal Care,Skincare,Lakme Face Cream,703.69,1,0.1,633.32,383.14,250.18,Credit Card,2,4.6,No,Not Applicable,2025,12,December,Q4,39.5
ORD00352,2025-03-10,2025-03-13,Express Delivery,CUST0023,Aditya Singh,Consumer,Rajasthan,Jaipur,India,15,Home & Furniture,Home Decor,LED Table Lamp,1300.88,1,0.05,1235.84,761.16,474.68,Net Banking,3,3.9,No,Not Applicable,2025,3,March,Q1,38.41
ORD00353,2025-04-29,2025-05-05,Standard Delivery,CUST0014,Manish Sharma,Consumer,Tamil Nadu,Coimbatore,India,12,Home Appliances,Washing Machines,Samsung 7kg Washing Machine,32072.46,1,0.0,32072.46,25482.46,6590.0,Cash on Delivery,6,4.4,No,Not Applicable,2025,4,April,Q2,20.55
ORD00354,2025-05-01,2025-05-04,Standard Delivery,CUST0132,Aditya Singh,Consumer,Delhi,New Delhi,India,2,Electronics,Smartphones,Apple iPhone 15,68131.72,1,0.15,57911.96,53443.97,4467.99,UPI,3,4.8,No,Not Applicable,2025,5,May,Q2,7.72
ORD00355,2025-09-07,2025-09-10,Express Delivery,CUST0139,Shreya Mehta,Corporate,Karnataka,Mysuru,India,20,Beauty & Personal Care,Hair Care,Mamaearth Shampoo,593.52,1,0.15,504.49,330.13,174.36,Cash on Delivery,3,3.4,No,Not Applicable,2025,9,September,Q3,34.56
ORD00356,2025-10-21,2025-10-22,Same Day Delivery,CUST0044,Pooja Patel,Corporate,Tamil Nadu,Coimbatore,India,6,Electronics,Televisions,Samsung 43-inch Smart TV,42947.46,2,0.15,73010.68,65333.32,7677.36,Credit Card,1,3.8,No,Not Applicable,2025,10,October,Q4,10.52
ORD00357,2025-02-08,2025-02-10,Express Delivery,CUST0033,Nikhil Rao,Consumer,Telangana,Warangal,India,20,Beauty & Personal Care,Hair Care,Mamaearth Shampoo,584.38,3,0.05,1665.48,990.29,675.19,Debit Card,2,4.2,No,Not Applicable,2025,2,February,Q1,40.54
ORD00358,2025-08-01,2025-08-05,Standard Delivery,CUST0002,Nikhil Mehta,Consumer,Tamil Nadu,Chennai,India,5,Electronics,Laptops,Lenovo IdeaPad Slim 3,53319.02,1,0.1,47987.12,41676.56,6310.56,UPI,4,3.7,No,Not Applicable,2025,8,August,Q3,13.15
ORD00359,2025-12-09,2025-12-11,Express Delivery,CUST0180,Vikram Singh,Corporate,West Bengal,Howrah,India,4,Electronics,Laptops,HP 15s Laptop,58069.84,2,0.05,110332.7,92901.07,17431.63,UPI,2,3.7,No,Not Applicable,2025,12,December,Q4,15.8
ORD00360,2025-01-18,2025-01-22,Express Delivery,CUST0057,Rohan Verma,Corporate,Gujarat,Surat,India,13,Home & Furniture,Furniture,Nilkamal Office Chair,8008.79,1,0.05,7608.35,5466.4,2141.95,Cash on Delivery,4,3.9,No,Not Applicable,2025,1,January,Q1,28.15
ORD00361,2025-09-15,2025-09-18,Express Delivery,CUST0127,Aarav Sharma,Consumer,Kerala,Thiruvananthapuram,India,12,Home Appliances,Washing Machines,Samsung 7kg Washing Machine,32671.64,1,0.1,29404.48,24859.62,4544.86,Net Banking,3,4.0,No,Not Applicable,2025,9,September,Q3,15.46
ORD00362,2025-12-28,2026-01-02,Standard Delivery,CUST0127,Aarav Sharma,Consumer,Kerala,Thiruvananthapuram,India,3,Electronics,Smartphones,OnePlus Nord CE 4,25511.88,1,0.05,24236.29,18970.54,5265.75,UPI,5,3.6,No,Not Applicable,2025,12,December,Q4,21.73
ORD00363,2025-08-25,2025-08-28,Standard Delivery,CUST0168,Shreya Gupta,Corporate,Maharashtra,Nagpur,India,16,Fashion,Mens Wear,Allen Solly Formal Shirt,2053.15,1,0.25,1539.86,1171.29,368.57,Credit Card,3,4.2,No,Not Applicable,2025,8,August,Q3,23.94
ORD00364,2025-11-21,2025-11-28,Standard Delivery,CUST0028,Ananya Verma,Small Business,Uttar Pradesh,Lucknow,India,2,Electronics,Smartphones,Apple iPhone 15,72367.94,4,0.15,246051.0,218288.96,27762.04,UPI,7,3.5,No,Not Applicable,2025,11,November,Q4,11.28
ORD00365,2025-02-25,2025-03-01,Standard Delivery,CUST0105,Divya Das,Consumer,Rajasthan,Jodhpur,India,19,Beauty & Personal Care,Skincare,Lakme Face Cream,712.34,1,0.15,605.49,379.79,225.7,UPI,4,4.7,No,Not Applicable,2025,2,February,Q1,37.28
ORD00366,2025-10-08,2025-10-14,Standard Delivery,CUST0098,Manish Iyer,Consumer,Rajasthan,Jaipur,India,9,Home Appliances,Kitchen Appliances,Philips Air Fryer,9321.3,3,0.05,26565.7,19170.96,7394.74,Credit Card,6,4.3,No,Not Applicable,2025,10,October,Q4,27.84
ORD00367,2025-07-26,2025-07-31,Standard Delivery,CUST0028,Ananya Verma,Small Business,Maharashtra,Mumbai,India,2,Electronics,Smartphones,Apple iPhone 15,69088.03,2,0.0,138176.06,107351.89,30824.17,Net Banking,5,4.9,No,Not Applicable,2025,7,July,Q3,22.31
ORD00368,2025-05-30,2025-06-03,Standard Delivery,CUST0132,Aditya Singh,Consumer,Kerala,Kochi,India,4,Electronics,Laptops,HP 15s Laptop,58879.43,2,0.0,117758.86,91880.93,25877.93,Wallet,4,4.6,No,Not Applicable,2025,5,May,Q2,21.98
ORD00369,2025-04-08,2025-04-14,Standard Delivery,CUST0177,Meera Patel,Small Business,Kerala,Thiruvananthapuram,India,15,Home & Furniture,Home Decor,LED Table Lamp,1344.61,3,0.1,3630.45,2222.32,1408.13,Debit Card,6,4.1,No,Not Applicable,2025,4,April,Q2,38.79
ORD00370,2025-07-05,2025-07-09,Standard Delivery,CUST0087,Rohan Sharma,Consumer,Maharashtra,Nagpur,India,16,Fashion,Mens Wear,Allen Solly Formal Shirt,1994.11,2,0.05,3788.81,2349.38,1439.43,UPI,4,4.2,No,Not Applicable,2025,7,July,Q3,37.99
ORD00371,2025-11-04,2025-11-08,Standard Delivery,CUST0019,Neha Shetty,Consumer,Gujarat,Vadodara,India,12,Home Appliances,Washing Machines,Samsung 7kg Washing Machine,32810.34,1,0.05,31169.82,24260.71,6909.11,UPI,4,3.6,No,Not Applicable,2025,11,November,Q4,22.17
ORD00372,2025-05-08,2025-05-10,Express Delivery,CUST0179,Arjun Shetty,Consumer,Gujarat,Ahmedabad,India,17,Fashion,Womens Wear,Biba Kurti,2406.91,1,0.05,2286.56,1408.4,878.16,Credit Card,2,3.5,No,Not Applicable,2025,5,May,Q2,38.41
ORD00373,2025-06-15,2025-06-16,Same Day Delivery,CUST0171,Ravi Gupta,Corporate,Karnataka,Mysuru,India,1,Electronics,Smartphones,Samsung Galaxy S24,70382.21,1,0.1,63343.99,54946.06,8397.93,UPI,1,4.2,No,Not Applicable,2025,6,June,Q2,13.26
ORD00374,2025-08-07,2025-08-12,Standard Delivery,CUST0021,Nikhil Mishra,Consumer,West Bengal,Howrah,India,14,Home & Furniture,Furniture,Wooden Study Table,6383.94,2,0.1,11491.09,9247.79,2243.3,UPI,5,4.0,No,Not Applicable,2025,8,August,Q3,19.52
ORD00375,2025-12-19,2025-12-22,Standard Delivery,CUST0131,Priya Shetty,Consumer,Uttar Pradesh,Noida,India,9,Home Appliances,Kitchen Appliances,Philips Air Fryer,8896.59,2,0.15,15124.2,12659.84,2464.36,Net Banking,3,3.8,No,Not Applicable,2025,12,December,Q4,16.29
ORD00376,2025-03-28,2025-03-30,Express Delivery,CUST0081,Aditya Kulkarni,Consumer,Delhi,New Delhi,India,19,Beauty & Personal Care,Skincare,Lakme Face Cream,705.16,2,0.1,1269.29,800.7,468.59,Credit Card,2,5.0,No,Not Applicable,2025,3,March,Q1,36.92
ORD00377,2025-01-19,2025-01-22,Express Delivery,CUST0017,Pooja Verma,Corporate,Maharashtra,Pune,India,7,Electronics,Audio,Sony WH-1000XM5 Headphones,29196.25,2,0.05,55472.88,46289.13,9183.75,Debit Card,3,5.0,No,Not Applicable,2025,1,January,Q1,16.56
ORD00378,2025-05-26,2025-05-31,Standard Delivery,CUST0170,Divya Mehta,Small Business,West Bengal,Howrah,India,18,Fashion,Footwear,Campus Running Shoes,2141.03,1,0.15,1819.88,1290.99,528.89,Cash on Delivery,5,4.2,No,Not Applicable,2025,5,May,Q2,29.06
ORD00379,2025-08-02,2025-08-07,Standard Delivery,CUST0027,Rohan Patel,Small Business,Tamil Nadu,Chennai,India,17,Fashion,Womens Wear,Biba Kurti,2427.74,3,0.05,6919.06,4267.89,2651.17,Cash on Delivery,5,4.5,Yes,Changed Mind,2025,8,August,Q3,38.32
ORD00380,2025-03-23,2025-03-25,Express Delivery,CUST0172,Ananya Iyer,Corporate,Telangana,Hyderabad,India,2,Electronics,Smartphones,Apple iPhone 15,69664.58,1,0.0,69664.58,53658.11,16006.47,Wallet,2,4.4,No,Not Applicable,2025,3,March,Q1,22.98
ORD00381,2025-08-08,2025-08-11,Standard Delivery,CUST0158,Divya Rao,Consumer,Uttar Pradesh,Lucknow,India,12,Home Appliances,Washing Machines,Samsung 7kg Washing Machine,31393.12,1,0.0,31393.12,24429.3,6963.82,Cash on Delivery,3,4.2,No,Not Applicable,2025,8,August,Q3,22.18
ORD00382,2025-10-25,2025-10-28,Standard Delivery,CUST0102,Aditya Rao,Corporate,Rajasthan,Jaipur,India,18,Fashion,Footwear,Campus Running Shoes,2223.81,3,0.1,6004.29,3967.0,2037.29,Cash on Delivery,3,4.3,No,Not Applicable,2025,10,October,Q4,33.93
ORD00383,2025-04-29,2025-05-02,Express Delivery,CUST0162,Rahul Shetty,Consumer,Karnataka,Mysuru,India,13,Home & Furniture,Furniture,Nilkamal Office Chair,8217.61,3,0.05,23420.19,16326.6,7093.59,UPI,3,3.9,No,Not Applicable,2025,4,April,Q2,30.29
ORD00384,2025-01-07,2025-01-12,Standard Delivery,CUST0013,Priya Patel,Small Business,Gujarat,Surat,India,7,Electronics,Audio,Sony WH-1000XM5 Headphones,30614.58,3,0.05,87251.55,68400.77,18850.78,UPI,5,3.4,No,Not Applicable,2025,1,January,Q1,21.61
ORD00385,2025-06-01,2025-06-07,Standard Delivery,CUST0003,Sneha Das,Consumer,Telangana,Hyderabad,India,8,Electronics,Audio,boAt Airdopes 141,1471.15,3,0.05,4192.78,2689.02,1503.76,UPI,6,3.5,No,Not Applicable,2025,6,June,Q2,35.87
ORD00386,2025-12-03,2025-12-06,Express Delivery,CUST0002,Nikhil Mehta,Consumer,Karnataka,Mysuru,India,20,Beauty & Personal Care,Hair Care,Mamaearth Shampoo,596.33,1,0.2,477.06,322.81,154.25,Wallet,3,3.8,No,Not Applicable,2025,12,December,Q4,32.33
ORD00387,2025-04-13,2025-04-17,Standard Delivery,CUST0039,Ananya Patel,Small Business,Karnataka,Bengaluru,India,13,Home & Furniture,Furniture,Nilkamal Office Chair,7779.1,2,0.2,12446.56,11369.21,1077.35,Credit Card,4,4.5,No,Not Applicable,2025,4,April,Q2,8.66
ORD00388,2025-07-03,2025-07-08,Standard Delivery,CUST0138,Aditi Iyer,Small Business,Delhi,Delhi,India,3,Electronics,Smartphones,OnePlus Nord CE 4,24983.0,1,0.05,23733.85,18783.67,4950.18,UPI,5,4.1,No,Not Applicable,2025,7,July,Q3,20.86
ORD00389,2025-07-18,2025-07-20,Express Delivery,CUST0039,Ananya Patel,Small Business,West Bengal,Kolkata,India,6,Electronics,Televisions,Samsung 43-inch Smart TV,43948.0,3,0.0,131844.0,102356.98,29487.02,Debit Card,2,5.0,No,Not Applicable,2025,7,July,Q3,22.37
ORD00390,2025-10-05,2025-10-08,Standard Delivery,CUST0114,Shreya Shetty,Consumer,Gujarat,Vadodara,India,18,Fashion,Footwear,Campus Running Shoes,2187.57,2,0.0,4375.14,2567.65,1807.49,Debit Card,3,4.7,No,Not Applicable,2025,10,October,Q4,41.31
ORD00391,2025-08-13,2025-08-17,Express Delivery,CUST0016,Shreya Das,Corporate,Karnataka,Mangaluru,India,2,Electronics,Smartphones,Apple iPhone 15,69716.92,3,0.1,188235.68,158177.24,30058.44,Cash on Delivery,4,3.8,No,Not Applicable,2025,8,August,Q3,15.97
ORD00392,2025-02-07,2025-02-14,Standard Delivery,CUST0053,Manish Gupta,Corporate,Uttar Pradesh,Kanpur,India,16,Fashion,Mens Wear,Allen Solly Formal Shirt,1963.03,1,0.15,1668.58,1159.6,508.98,UPI,7,3.5,No,Not Applicable,2025,2,February,Q1,30.5
ORD00393,2025-01-11,2025-01-14,Express Delivery,CUST0097,Akash Mishra,Consumer,West Bengal,Kolkata,India,1,Electronics,Smartphones,Samsung Galaxy S24,72662.33,3,0.25,163490.24,157774.49,5715.75,Debit Card,3,4.1,No,Not Applicable,2025,1,January,Q1,3.5
ORD00394,2025-07-10,2025-07-14,Express Delivery,CUST0051,Kavya Das,Small Business,Karnataka,Mysuru,India,12,Home Appliances,Washing Machines,Samsung 7kg Washing Machine,32907.04,2,0.15,55941.97,49890.87,6051.1,UPI,4,4.5,No,Not Applicable,2025,7,July,Q3,10.82
ORD00395,2025-03-26,2025-03-28,Express Delivery,CUST0049,Aditya Rao,Consumer,Tamil Nadu,Chennai,India,3,Electronics,Smartphones,OnePlus Nord CE 4,25364.01,2,0.05,48191.62,38369.89,9821.73,UPI,2,4.0,No,Not Applicable,2025,3,March,Q1,20.38
ORD00396,2025-09-16,2025-09-21,Standard Delivery,CUST0180,Vikram Singh,Corporate,Kerala,Kochi,India,16,Fashion,Mens Wear,Allen Solly Formal Shirt,2026.31,2,0.0,4052.62,2344.33,1708.29,Cash on Delivery,5,4.1,No,Not Applicable,2025,9,September,Q3,42.15
ORD00397,2025-09-21,2025-09-23,Express Delivery,CUST0097,Akash Mishra,Consumer,Gujarat,Surat,India,8,Electronics,Audio,boAt Airdopes 141,1530.18,4,0.15,5202.61,3502.53,1700.08,Credit Card,2,4.3,No,Not Applicable,2025,9,September,Q3,32.68
ORD00398,2025-10-12,2025-10-17,Standard Delivery,CUST0080,Rahul Joshi,Consumer,Uttar Pradesh,Lucknow,India,5,Electronics,Laptops,Lenovo IdeaPad Slim 3,54432.8,1,0.1,48989.52,40298.57,8690.95,Cash on Delivery,5,3.8,No,Not Applicable,2025,10,October,Q4,17.74
ORD00399,2025-03-14,2025-03-17,Express Delivery,CUST0091,Rohan Das,Corporate,Tamil Nadu,Coimbatore,India,19,Beauty & Personal Care,Skincare,Lakme Face Cream,711.06,1,0.15,604.4,394.37,210.03,UPI,3,4.8,No,Not Applicable,2025,3,March,Q1,34.75
ORD00400,2025-05-09,2025-05-12,Express Delivery,CUST0087,Rohan Sharma,Consumer,Delhi,Delhi,India,3,Electronics,Smartphones,OnePlus Nord CE 4,25552.77,2,0.05,48550.26,37021.4,11528.86,Debit Card,3,3.8,No,Not Applicable,2025,5,May,Q2,23.75
ORD00401,2025-01-24,2025-01-27,Express Delivery,CUST0112,Pooja Gupta,Corporate,Tamil Nadu,Chennai,India,17,Fashion,Womens Wear,Biba Kurti,2589.75,2,0.0,5179.5,2849.53,2329.97,UPI,3,4.2,No,Not Applicable,2025,1,January,Q1,44.98
ORD00402,2025-01-24,2025-01-28,Standard Delivery,CUST0035,Sneha Kulkarni,Small Business,West Bengal,Howrah,India,16,Fashion,Mens Wear,Allen Solly Formal Shirt,1959.56,1,0.15,1665.63,1177.26,488.37,Cash on Delivery,4,3.7,No,Not Applicable,2025,1,January,Q1,29.32
ORD00403,2025-03-09,2025-03-12,Express Delivery,CUST0043,Isha Joshi,Small Business,West Bengal,Kolkata,India,10,Home Appliances,Kitchen Appliances,Prestige Mixer Grinder,5161.42,1,0.25,3871.07,3406.64,464.43,UPI,3,4.5,No,Not Applicable,2025,3,March,Q1,12.0
ORD00404,2025-05-12,2025-05-15,Standard Delivery,CUST0020,Kavya Kulkarni,Consumer,Telangana,Warangal,India,13,Home & Furniture,Furniture,Nilkamal Office Chair,7873.41,1,0.05,7479.74,5463.25,2016.49,Credit Card,3,3.5,No,Not Applicable,2025,5,May,Q2,26.96
ORD00405,2025-05-08,2025-05-10,Express Delivery,CUST0051,Kavya Das,Small Business,Karnataka,Mangaluru,India,13,Home & Furniture,Furniture,Nilkamal Office Chair,7785.81,1,0.0,7785.81,5742.37,2043.44,Debit Card,2,4.8,No,Not Applicable,2025,5,May,Q2,26.25
ORD00406,2025-04-13,2025-04-18,Standard Delivery,CUST0047,Kavya Kulkarni,Consumer,Tamil Nadu,Coimbatore,India,17,Fashion,Womens Wear,Biba Kurti,2565.45,4,0.1,9235.62,5971.09,3264.53,Debit Card,5,4.6,No,Not Applicable,2025,4,April,Q2,35.35
ORD00407,2025-04-09,2025-04-14,Standard Delivery,CUST0103,Rohan Mishra,Consumer,Karnataka,Mangaluru,India,20,Beauty & Personal Care,Hair Care,Mamaearth Shampoo,616.11,1,0.05,585.3,336.28,249.02,UPI,5,3.9,Yes,Late Delivery,2025,4,April,Q2,42.55
ORD00408,2025-06-20,2025-06-24,Standard Delivery,CUST0081,Aditya Kulkarni,Consumer,West Bengal,Howrah,India,9,Home Appliances,Kitchen Appliances,Philips Air Fryer,9269.46,2,0.1,16685.03,12821.72,3863.31,Credit Card,4,3.5,No,Not Applicable,2025,6,June,Q2,23.15
ORD00409,2025-06-19,2025-06-20,Same Day Delivery,CUST0157,Kavya Verma,Consumer,Kerala,Thiruvananthapuram,India,18,Fashion,Footwear,Campus Running Shoes,2269.04,2,0.0,4538.08,2667.93,1870.15,Net Banking,1,4.3,No,Not Applicable,2025,6,June,Q2,41.21
ORD00410,2025-09-12,2025-09-18,Standard Delivery,CUST0020,Kavya Kulkarni,Consumer,Uttar Pradesh,Lucknow,India,6,Electronics,Televisions,Samsung 43-inch Smart TV,43614.36,1,0.05,41433.64,32970.96,8462.68,Debit Card,6,3.5,No,Not Applicable,2025,9,September,Q3,20.42
ORD00411,2025-02-14,2025-02-18,Standard Delivery,CUST0137,Rahul Singh,Consumer,Karnataka,Bengaluru,India,3,Electronics,Smartphones,OnePlus Nord CE 4,25630.89,1,0.05,24349.35,18861.28,5488.07,Wallet,4,3.3,No,Not Applicable,2025,2,February,Q1,22.54
ORD00412,2025-10-27,2025-10-28,Same Day Delivery,CUST0163,Aditya Verma,Corporate,Uttar Pradesh,Lucknow,India,2,Electronics,Smartphones,Apple iPhone 15,67777.15,1,0.0,67777.15,54261.69,13515.46,Credit Card,1,4.0,No,Not Applicable,2025,10,October,Q4,19.94
ORD00413,2025-02-27,2025-03-03,Standard Delivery,CUST0106,Vikram Kumar,Consumer,Kerala,Thiruvananthapuram,India,11,Home Appliances,Refrigerators,LG 260L Refrigerator,28990.08,1,0.15,24641.57,22486.38,2155.19,UPI,4,3.8,No,Not Applicable,2025,2,February,Q1,8.75
ORD00414,2025-07-07,2025-07-10,Standard Delivery,CUST0049,Aditya Rao,Consumer,Uttar Pradesh,Lucknow,India,4,Electronics,Laptops,HP 15s Laptop,57606.72,2,0.1,103692.1,89057.94,14634.16,Net Banking,3,4.7,No,Not Applicable,2025,7,July,Q3,14.11
ORD00415,2025-04-24,2025-04-26,Express Delivery,CUST0125,Shreya Nair,Consumer,Tamil Nadu,Coimbatore,India,15,Home & Furniture,Home Decor,LED Table Lamp,1336.81,4,0.15,4545.15,2983.22,1561.93,UPI,2,4.8,Yes,Late Delivery,2025,4,April,Q2,34.36
ORD00416,2025-06-19,2025-06-23,Standard Delivery,CUST0157,Kavya Verma,Consumer,Telangana,Hyderabad,India,1,Electronics,Smartphones,Samsung Galaxy S24,68503.93,2,0.15,116456.68,110029.16,6427.52,UPI,4,2.4,No,Not Applicable,2025,6,June,Q2,5.52
ORD00417,2025-06-26,2025-07-03,Standard Delivery,CUST0026,Manish Verma,Consumer,Delhi,New Delhi,India,13,Home & Furniture,Furniture,Nilkamal Office Chair,7712.9,1,0.1,6941.61,5667.58,1274.03,Debit Card,7,3.2,No,Not Applicable,2025,6,June,Q2,18.35
ORD00418,2025-05-14,2025-05-21,Standard Delivery,CUST0046,Ananya Mishra,Consumer,Uttar Pradesh,Kanpur,India,18,Fashion,Footwear,Campus Running Shoes,2144.87,2,0.1,3860.77,2594.37,1266.4,UPI,7,3.7,No,Not Applicable,2025,5,May,Q2,32.8
ORD00419,2025-05-20,2025-05-22,Express Delivery,CUST0099,Pooja Rao,Consumer,Delhi,New Delhi,India,16,Fashion,Mens Wear,Allen Solly Formal Shirt,2018.66,1,0.0,2018.66,1146.33,872.33,UPI,2,4.3,No,Not Applicable,2025,5,May,Q2,43.21
ORD00420,2025-02-03,2025-02-10,Standard Delivery,CUST0035,Sneha Kulkarni,Small Business,Gujarat,Vadodara,India,10,Home Appliances,Kitchen Appliances,Prestige Mixer Grinder,4913.18,5,0.1,22109.31,17590.1,4519.21,UPI,7,4.0,No,Not Applicable,2025,2,February,Q1,20.44
ORD00421,2025-05-19,2025-05-23,Standard Delivery,CUST0121,Rahul Sharma,Consumer,Kerala,Kochi,India,1,Electronics,Smartphones,Samsung Galaxy S24,72196.8,2,0.1,129954.24,105269.5,24684.74,Wallet,4,4.5,No,Not Applicable,2025,5,May,Q2,18.99
ORD00422,2025-06-23,2025-06-24,Same Day Delivery,CUST0029,Meera Patel,Small Business,Maharashtra,Pune,India,15,Home & Furniture,Home Decor,LED Table Lamp,1249.08,2,0.05,2373.25,1534.15,839.1,Credit Card,1,4.8,No,Not Applicable,2025,6,June,Q2,35.36
ORD00423,2025-08-03,2025-08-08,Standard Delivery,CUST0066,Rohan Joshi,Corporate,Kerala,Kochi,India,8,Electronics,Audio,boAt Airdopes 141,1533.79,1,0.0,1533.79,906.28,627.51,UPI,5,4.4,No,Not Applicable,2025,8,August,Q3,40.91
ORD00424,2025-10-10,2025-10-11,Same Day Delivery,CUST0106,Vikram Kumar,Consumer,Karnataka,Mangaluru,India,12,Home Appliances,Washing Machines,Samsung 7kg Washing Machine,33033.54,2,0.2,52853.66,48762.25,4091.41,Cash on Delivery,1,4.5,No,Not Applicable,2025,10,October,Q4,7.74
ORD00425,2025-09-05,2025-09-10,Standard Delivery,CUST0046,Ananya Mishra,Consumer,Rajasthan,Jodhpur,India,5,Electronics,Laptops,Lenovo IdeaPad Slim 3,51081.77,1,0.2,40865.42,40628.27,237.15,Debit Card,5,4.0,Yes,Size/Fit Issue,2025,9,September,Q3,0.58
ORD00426,2025-08-15,2025-08-17,Express Delivery,CUST0002,Nikhil Mehta,Consumer,Kerala,Kochi,India,5,Electronics,Laptops,Lenovo IdeaPad Slim 3,53895.94,4,0.2,172467.01,169168.73,3298.28,Cash on Delivery,2,4.0,No,Not Applicable,2025,8,August,Q3,1.91
ORD00427,2025-06-18,2025-06-21,Standard Delivery,CUST0067,Vikram Rao,Small Business,Delhi,New Delhi,India,5,Electronics,Laptops,Lenovo IdeaPad Slim 3,51536.82,3,0.1,139149.41,127953.67,11195.74,Debit Card,3,4.5,No,Not Applicable,2025,6,June,Q2,8.05
ORD00428,2025-11-05,2025-11-11,Standard Delivery,CUST0159,Ravi Patel,Consumer,Maharashtra,Pune,India,1,Electronics,Smartphones,Samsung Galaxy S24,70257.98,1,0.1,63232.18,52669.89,10562.29,Cash on Delivery,6,4.1,No,Not Applicable,2025,11,November,Q4,16.7
ORD00429,2025-09-11,2025-09-13,Express Delivery,CUST0112,Pooja Gupta,Corporate,Uttar Pradesh,Lucknow,India,8,Electronics,Audio,boAt Airdopes 141,1513.77,3,0.0,4541.31,2676.68,1864.63,Debit Card,2,4.6,No,Not Applicable,2025,9,September,Q3,41.06
ORD00430,2025-11-01,2025-11-03,Express Delivery,CUST0146,Sanjay Singh,Consumer,Uttar Pradesh,Kanpur,India,5,Electronics,Laptops,Lenovo IdeaPad Slim 3,51552.32,1,0.05,48974.7,41998.87,6975.83,Credit Card,2,4.4,No,Not Applicable,2025,11,November,Q4,14.24
ORD00431,2025-10-06,2025-10-08,Express Delivery,CUST0057,Rohan Verma,Corporate,Tamil Nadu,Coimbatore,India,14,Home & Furniture,Furniture,Wooden Study Table,6653.34,2,0.1,11976.01,8914.12,3061.89,UPI,2,4.6,No,Not Applicable,2025,10,October,Q4,25.57
ORD00432,2025-01-17,2025-01-23,Standard Delivery,CUST0019,Neha Shetty,Consumer,Maharashtra,Nagpur,India,5,Electronics,Laptops,Lenovo IdeaPad Slim 3,55017.74,2,0.1,99031.93,84360.38,14671.55,UPI,6,3.9,No,Not Applicable,2025,1,January,Q1,14.81
ORD00433,2025-03-21,2025-03-25,Standard Delivery,CUST0007,Simran Reddy,Corporate,Tamil Nadu,Coimbatore,India,16,Fashion,Mens Wear,Allen Solly Formal Shirt,1990.57,2,0.05,3782.08,2364.24,1417.84,UPI,4,3.6,No,Not Applicable,2025,3,March,Q1,37.49
ORD00434,2025-04-02,2025-04-08,Standard Delivery,CUST0061,Karan Kumar,Consumer,Maharashtra,Pune,India,7,Electronics,Audio,Sony WH-1000XM5 Headphones,29282.19,1,0.1,26353.97,22826.69,3527.28,UPI,6,4.2,No,Not Applicable,2025,4,April,Q2,13.38
ORD00435,2025-10-29,2025-11-03,Standard Delivery,CUST0122,Simran Sharma,Consumer,Telangana,Hyderabad,India,10,Home Appliances,Kitchen Appliances,Prestige Mixer Grinder,4892.77,1,0.1,4403.49,3420.95,982.54,Cash on Delivery,5,4.0,No,Not Applicable,2025,10,October,Q4,22.31
ORD00436,2025-08-15,2025-08-19,Express Delivery,CUST0064,Aarav Mehta,Corporate,Karnataka,Mysuru,India,10,Home Appliances,Kitchen Appliances,Prestige Mixer Grinder,4843.06,2,0.05,9201.81,6951.02,2250.79,Debit Card,4,4.5,No,Not Applicable,2025,8,August,Q3,24.46
ORD00437,2025-01-15,2025-01-18,Express Delivery,CUST0159,Ravi Patel,Consumer,Kerala,Kochi,India,15,Home & Furniture,Home Decor,LED Table Lamp,1279.62,4,0.05,4862.56,3021.7,1840.86,UPI,3,3.1,No,Not Applicable,2025,1,January,Q1,37.86
ORD00438,2025-07-13,2025-07-14,Same Day Delivery,CUST0123,Ravi Patel,Small Business,Rajasthan,Jaipur,India,5,Electronics,Laptops,Lenovo IdeaPad Slim 3,50986.85,3,0.0,152960.55,123780.09,29180.46,UPI,1,5.0,No,Not Applicable,2025,7,July,Q3,19.08
ORD00439,2025-11-19,2025-11-26,Standard Delivery,CUST0167,Divya Gupta,Consumer,Karnataka,Mangaluru,India,7,Electronics,Audio,Sony WH-1000XM5 Headphones,31179.09,1,0.15,26502.23,22723.63,3778.6,UPI,7,3.0,No,Not Applicable,2025,11,November,Q4,14.26
ORD00440,2025-04-11,2025-04-16,Standard Delivery,CUST0149,Sneha Shetty,Consumer,Maharashtra,Mumbai,India,8,Electronics,Audio,boAt Airdopes 141,1539.35,2,0.0,3078.7,1801.29,1277.41,UPI,5,3.9,No,Not Applicable,2025,4,April,Q2,41.49
ORD00441,2025-09-15,2025-09-18,Standard Delivery,CUST0143,Arjun Singh,Consumer,Delhi,New Delhi,India,7,Electronics,Audio,Sony WH-1000XM5 Headphones,29368.76,1,0.05,27900.32,21846.19,6054.13,UPI,3,4.2,No,Not Applicable,2025,9,September,Q3,21.7
ORD00442,2025-06-17,2025-06-23,Standard Delivery,CUST0047,Kavya Kulkarni,Consumer,Karnataka,Mysuru,India,1,Electronics,Smartphones,Samsung Galaxy S24,72547.32,4,0.0,290189.28,217437.61,72751.67,Credit Card,6,3.8,No,Not Applicable,2025,6,June,Q2,25.07
ORD00443,2025-04-26,2025-04-28,Express Delivery,CUST0093,Ananya Das,Consumer,West Bengal,Kolkata,India,18,Fashion,Footwear,Campus Running Shoes,2230.98,1,0.15,1896.33,1330.32,566.01,Net Banking,2,4.3,No,Not Applicable,2025,4,April,Q2,29.85
ORD00444,2025-03-04,2025-03-08,Standard Delivery,CUST0175,Arjun Verma,Corporate,Karnataka,Bengaluru,India,2,Electronics,Smartphones,Apple iPhone 15,71629.99,1,0.05,68048.49,53608.88,14439.61,Wallet,4,3.0,Yes,Wrong Product,2025,3,March,Q1,21.22
ORD00445,2025-01-07,2025-01-11,Express Delivery,CUST0156,Kavya Joshi,Consumer,Karnataka,Mangaluru,India,15,Home & Furniture,Home Decor,LED Table Lamp,1313.99,1,0.15,1116.89,756.78,360.11,Net Banking,4,4.9,No,Not Applicable,2025,1,January,Q1,32.24
ORD00446,2025-10-31,2025-11-04,Standard Delivery,CUST0115,Simran Verma,Consumer,Delhi,Delhi,India,13,Home & Furniture,Furniture,Nilkamal Office Chair,7734.16,3,0.15,19722.11,16763.52,2958.59,UPI,4,4.2,No,Not Applicable,2025,10,October,Q4,15.0
ORD00447,2025-05-27,2025-05-28,Same Day Delivery,CUST0028,Ananya Verma,Small Business,Kerala,Kochi,India,14,Home & Furniture,Furniture,Wooden Study Table,6681.77,1,0.0,6681.77,4407.29,2274.48,Cash on Delivery,1,4.7,No,Not Applicable,2025,5,May,Q2,34.04
ORD00448,2025-08-10,2025-08-16,Standard Delivery,CUST0002,Nikhil Mehta,Consumer,West Bengal,Howrah,India,1,Electronics,Smartphones,Samsung Galaxy S24,71539.44,3,0.25,160963.74,163185.23,-2221.49,Credit Card,6,3.0,No,Not Applicable,2025,8,August,Q3,-1.38
ORD00449,2025-06-04,2025-06-10,Standard Delivery,CUST0001,Rohan Singh,Corporate,Kerala,Kochi,India,8,Electronics,Audio,boAt Airdopes 141,1503.25,1,0.0,1503.25,877.6,625.65,Wallet,6,4.4,No,Not Applicable,2025,6,June,Q2,41.62
ORD00450,2025-06-01,2025-06-05,Standard Delivery,CUST0046,Ananya Mishra,Consumer,Karnataka,Mangaluru,India,11,Home Appliances,Refrigerators,LG 260L Refrigerator,29142.15,2,0.0,58284.3,46010.8,12273.5,Debit Card,4,3.3,No,Not Applicable,2025,6,June,Q2,21.06
ORD00451,2025-06-10,2025-06-13,Standard Delivery,CUST0175,Arjun Verma,Corporate,Gujarat,Surat,India,16,Fashion,Mens Wear,Allen Solly Formal Shirt,1950.14,1,0.05,1852.63,1154.27,698.36,Debit Card,3,3.8,No,Not Applicable,2025,6,June,Q2,37.7
ORD00452,2025-08-27,2025-08-28,Same Day Delivery,CUST0046,Ananya Mishra,Consumer,Telangana,Hyderabad,India,17,Fashion,Womens Wear,Biba Kurti,2573.27,1,0.15,2187.28,1427.16,760.12,Credit Card,1,4.1,No,Not Applicable,2025,8,August,Q3,34.75
ORD00453,2025-02-22,2025-02-25,Express Delivery,CUST0056,Aarav Verma,Consumer,Maharashtra,Pune,India,4,Electronics,Laptops,HP 15s Laptop,56158.53,4,0.1,202170.71,183878.46,18292.25,Cash on Delivery,3,5.0,No,Not Applicable,2025,2,February,Q1,9.05
ORD00454,2025-02-27,2025-03-06,Standard Delivery,CUST0093,Ananya Das,Consumer,West Bengal,Kolkata,India,12,Home Appliances,Washing Machines,Samsung 7kg Washing Machine,32696.01,1,0.0,32696.01,24920.18,7775.83,Net Banking,7,3.4,No,Not Applicable,2025,2,February,Q1,23.78
ORD00455,2025-10-19,2025-10-24,Standard Delivery,CUST0089,Ananya Mishra,Consumer,Telangana,Hyderabad,India,2,Electronics,Smartphones,Apple iPhone 15,70359.35,2,0.1,126646.83,107071.87,19574.96,Cash on Delivery,5,4.3,No,Not Applicable,2025,10,October,Q4,15.46
ORD00456,2025-09-27,2025-09-30,Standard Delivery,CUST0091,Rohan Das,Corporate,Gujarat,Vadodara,India,13,Home & Furniture,Furniture,Nilkamal Office Chair,8248.46,3,0.25,18559.03,16901.34,1657.69,UPI,3,4.1,No,Not Applicable,2025,9,September,Q3,8.93
ORD00457,2025-03-08,2025-03-13,Standard Delivery,CUST0062,Ravi Gupta,Consumer,Rajasthan,Jaipur,India,18,Fashion,Footwear,Campus Running Shoes,2238.98,2,0.1,4030.16,2620.87,1409.29,Debit Card,5,4.4,No,Not Applicable,2025,3,March,Q1,34.97
ORD00458,2025-03-05,2025-03-09,Standard Delivery,CUST0123,Ravi Patel,Small Business,Rajasthan,Jodhpur,India,20,Beauty & Personal Care,Hair Care,Mamaearth Shampoo,600.09,5,0.1,2700.41,1602.84,1097.57,Cash on Delivery,4,3.9,No,Not Applicable,2025,3,March,Q1,40.64
ORD00459,2025-11-28,2025-12-04,Standard Delivery,CUST0145,Arjun Kulkarni,Small Business,Karnataka,Mangaluru,India,10,Home Appliances,Kitchen Appliances,Prestige Mixer Grinder,5093.08,4,0.15,17316.47,14249.76,3066.71,UPI,6,3.3,No,Not Applicable,2025,11,November,Q4,17.71
ORD00460,2025-07-29,2025-08-01,Express Delivery,CUST0144,Ananya Kumar,Consumer,Rajasthan,Jodhpur,India,20,Beauty & Personal Care,Hair Care,Mamaearth Shampoo,617.29,3,0.2,1481.5,990.9,490.6,Credit Card,3,4.3,No,Not Applicable,2025,7,July,Q3,33.12
ORD00461,2025-07-06,2025-07-09,Standard Delivery,CUST0046,Ananya Mishra,Consumer,Kerala,Thiruvananthapuram,India,20,Beauty & Personal Care,Hair Care,Mamaearth Shampoo,600.88,1,0.1,540.79,339.28,201.51,Credit Card,3,4.5,No,Not Applicable,2025,7,July,Q3,37.26
ORD00462,2025-05-15,2025-05-16,Same Day Delivery,CUST0118,Divya Rao,Corporate,Delhi,New Delhi,India,6,Electronics,Televisions,Samsung 43-inch Smart TV,43656.39,2,0.25,65484.58,68540.44,-3055.86,Credit Card,1,4.0,No,Not Applicable,2025,5,May,Q2,-4.67
ORD00463,2025-02-14,2025-02-15,Same Day Delivery,CUST0108,Sneha Mehta,Corporate,Tamil Nadu,Coimbatore,India,17,Fashion,Womens Wear,Biba Kurti,2563.75,3,0.1,6922.12,4388.5,2533.62,Debit Card,1,3.6,No,Not Applicable,2025,2,February,Q1,36.6
ORD00464,2025-07-23,2025-07-29,Standard Delivery,CUST0040,Priya Iyer,Consumer,Delhi,Delhi,India,19,Beauty & Personal Care,Skincare,Lakme Face Cream,677.32,2,0.25,1015.98,769.17,246.81,UPI,6,3.8,No,Not Applicable,2025,7,July,Q3,24.29
ORD00465,2025-08-25,2025-08-30,Standard Delivery,CUST0138,Aditi Iyer,Small Business,Kerala,Kochi,India,1,Electronics,Smartphones,Samsung Galaxy S24,72190.33,2,0.1,129942.59,107425.42,22517.17,Wallet,5,4.0,No,Not Applicable,2025,8,August,Q3,17.33
ORD00466,2025-08-16,2025-08-20,Standard Delivery,CUST0141,Aarav Verma,Consumer,Uttar Pradesh,Kanpur,India,5,Electronics,Laptops,Lenovo IdeaPad Slim 3,54454.69,1,0.15,46286.49,42244.71,4041.78,Cash on Delivery,4,3.9,No,Not Applicable,2025,8,August,Q3,8.73
ORD00467,2025-01-15,2025-01-16,Same Day Delivery,CUST0057,Rohan Verma,Corporate,Maharashtra,Nagpur,India,4,Electronics,Laptops,HP 15s Laptop,56537.5,1,0.15,48056.88,44316.98,3739.9,UPI,1,4.8,No,Not Applicable,2025,1,January,Q1,7.78
ORD00468,2025-10-24,2025-10-28,Express Delivery,CUST0061,Karan Kumar,Consumer,Maharashtra,Mumbai,India,7,Electronics,Audio,Sony WH-1000XM5 Headphones,28937.58,3,0.1,78131.47,68368.98,9762.49,Credit Card,4,3.8,No,Not Applicable,2025,10,October,Q4,12.49
ORD00469,2025-10-13,2025-10-17,Standard Delivery,CUST0153,Isha Nair,Small Business,Kerala,Kochi,India,19,Beauty & Personal Care,Skincare,Lakme Face Cream,713.0,1,0.15,606.05,385.72,220.33,UPI,4,4.3,Yes,Wrong Product,2025,10,October,Q4,36.36
ORD00470,2025-05-25,2025-05-31,Standard Delivery,CUST0086,Akash Kumar,Consumer,Delhi,Delhi,India,5,Electronics,Laptops,Lenovo IdeaPad Slim 3,51365.07,1,0.15,43660.31,41888.44,1771.87,Credit Card,6,3.6,No,Not Applicable,2025,5,May,Q2,4.06
ORD00471,2025-02-25,2025-03-01,Express Delivery,CUST0081,Aditya Kulkarni,Consumer,Karnataka,Mysuru,India,16,Fashion,Mens Wear,Allen Solly Formal Shirt,2067.06,1,0.05,1963.71,1150.21,813.5,Net Banking,4,2.9,No,Not Applicable,2025,2,February,Q1,41.43
ORD00472,2025-05-21,2025-05-24,Standard Delivery,CUST0033,Nikhil Rao,Consumer,Tamil Nadu,Chennai,India,14,Home & Furniture,Furniture,Wooden Study Table,6683.26,1,0.05,6349.1,4567.23,1781.87,UPI,3,3.8,No,Not Applicable,2025,5,May,Q2,28.06
ORD00473,2025-10-23,2025-10-27,Express Delivery,CUST0177,Meera Patel,Small Business,Gujarat,Vadodara,India,20,Beauty & Personal Care,Hair Care,Mamaearth Shampoo,597.79,1,0.1,538.01,325.22,212.79,Cash on Delivery,4,4.1,No,Not Applicable,2025,10,October,Q4,39.55
ORD00474,2025-10-20,2025-10-25,Standard Delivery,CUST0134,Simran Mehta,Consumer,Kerala,Thiruvananthapuram,India,9,Home Appliances,Kitchen Appliances,Philips Air Fryer,9000.22,1,0.05,8550.21,6587.93,1962.28,Credit Card,5,3.6,No,Not Applicable,2025,10,October,Q4,22.95
ORD00475,2025-11-12,2025-11-19,Standard Delivery,CUST0046,Ananya Mishra,Consumer,Maharashtra,Pune,India,11,Home Appliances,Refrigerators,LG 260L Refrigerator,28846.47,1,0.15,24519.5,23438.55,1080.95,Wallet,7,3.0,Yes,Late Delivery,2025,11,November,Q4,4.41
ORD00476,2025-09-23,2025-09-27,Express Delivery,CUST0130,Pooja Joshi,Consumer,Rajasthan,Jaipur,India,11,Home Appliances,Refrigerators,LG 260L Refrigerator,28451.18,2,0.2,45521.89,45753.25,-231.36,Debit Card,4,4.4,No,Not Applicable,2025,9,September,Q3,-0.51
ORD00477,2025-03-12,2025-03-16,Standard Delivery,CUST0143,Arjun Singh,Consumer,Uttar Pradesh,Lucknow,India,2,Electronics,Smartphones,Apple iPhone 15,68508.67,1,0.05,65083.24,53418.64,11664.6,Debit Card,4,4.7,No,Not Applicable,2025,3,March,Q1,17.92
ORD00478,2025-05-29,2025-06-01,Standard Delivery,CUST0088,Divya Das,Consumer,Karnataka,Mysuru,India,20,Beauty & Personal Care,Hair Care,Mamaearth Shampoo,591.6,1,0.0,591.6,336.09,255.51,UPI,3,3.8,No,Not Applicable,2025,5,May,Q2,43.19
ORD00479,2025-10-07,2025-10-12,Standard Delivery,CUST0152,Karan Rao,Consumer,Uttar Pradesh,Kanpur,India,16,Fashion,Mens Wear,Allen Solly Formal Shirt,2039.36,1,0.2,1631.49,1116.72,514.77,Credit Card,5,3.4,No,Not Applicable,2025,10,October,Q4,31.55
ORD00480,2025-05-18,2025-05-23,Standard Delivery,CUST0142,Priya Shetty,Corporate,Telangana,Warangal,India,10,Home Appliances,Kitchen Appliances,Prestige Mixer Grinder,4941.22,3,0.1,13341.29,10694.58,2646.71,Cash on Delivery,5,4.4,No,Not Applicable,2025,5,May,Q2,19.84
ORD00481,2025-01-22,2025-01-27,Standard Delivery,CUST0034,Rohan Rao,Small Business,Uttar Pradesh,Lucknow,India,9,Home Appliances,Kitchen Appliances,Philips Air Fryer,8802.69,1,0.05,8362.56,6437.3,1925.26,UPI,5,3.4,No,Not Applicable,2025,1,January,Q1,23.02
ORD00482,2025-09-29,2025-10-04,Standard Delivery,CUST0129,Aditi Reddy,Consumer,Uttar Pradesh,Noida,India,19,Beauty & Personal Care,Skincare,Lakme Face Cream,703.2,3,0.0,2109.6,1190.12,919.48,Cash on Delivery,5,4.4,No,Not Applicable,2025,9,September,Q3,43.59
ORD00483,2025-07-07,2025-07-10,Standard Delivery,CUST0082,Meera Nair,Consumer,Karnataka,Mysuru,India,4,Electronics,Laptops,HP 15s Laptop,56495.62,2,0.15,96042.55,93121.39,2921.16,Cash on Delivery,3,4.7,No,Not Applicable,2025,7,July,Q3,3.04
ORD00484,2025-11-17,2025-11-20,Standard Delivery,CUST0042,Shreya Das,Consumer,Kerala,Thiruvananthapuram,India,15,Home & Furniture,Home Decor,LED Table Lamp,1276.91,5,0.05,6065.32,3763.02,2302.3,UPI,3,4.4,No,Not Applicable,2025,11,November,Q4,37.96
ORD00485,2025-04-15,2025-04-21,Standard Delivery,CUST0134,Simran Mehta,Consumer,Delhi,New Delhi,India,9,Home Appliances,Kitchen Appliances,Philips Air Fryer,8754.05,1,0.05,8316.35,6368.98,1947.37,Net Banking,6,4.0,No,Not Applicable,2025,4,April,Q2,23.42
ORD00486,2025-06-03,2025-06-10,Standard Delivery,CUST0036,Arjun Mishra,Small Business,Karnataka,Mysuru,India,16,Fashion,Mens Wear,Allen Solly Formal Shirt,1964.98,1,0.05,1866.73,1166.34,700.39,UPI,7,3.6,No,Not Applicable,2025,6,June,Q2,37.52
ORD00487,2025-10-22,2025-10-28,Standard Delivery,CUST0021,Nikhil Mishra,Consumer,Gujarat,Ahmedabad,India,20,Beauty & Personal Care,Hair Care,Mamaearth Shampoo,613.62,3,0.2,1472.69,1010.82,461.87,UPI,6,3.6,No,Not Applicable,2025,10,October,Q4,31.36
ORD00488,2025-08-29,2025-09-03,Standard Delivery,CUST0028,Ananya Verma,Small Business,West Bengal,Howrah,India,13,Home & Furniture,Furniture,Nilkamal Office Chair,7715.58,1,0.1,6944.02,5469.14,1474.88,Credit Card,5,2.9,No,Not Applicable,2025,8,August,Q3,21.24
ORD00489,2025-01-10,2025-01-13,Standard Delivery,CUST0008,Ananya Gupta,Consumer,Tamil Nadu,Madurai,India,18,Fashion,Footwear,Campus Running Shoes,2113.3,3,0.0,6339.9,3969.16,2370.74,UPI,3,4.4,No,Not Applicable,2025,1,January,Q1,37.39
ORD00490,2025-08-03,2025-08-04,Same Day Delivery,CUST0034,Rohan Rao,Small Business,West Bengal,Howrah,India,6,Electronics,Televisions,Samsung 43-inch Smart TV,43059.54,1,0.0,43059.54,32745.11,10314.43,UPI,1,4.6,No,Not Applicable,2025,8,August,Q3,23.95
ORD00491,2025-01-15,2025-01-20,Standard Delivery,CUST0053,Manish Gupta,Corporate,Tamil Nadu,Coimbatore,India,14,Home & Furniture,Furniture,Wooden Study Table,6294.2,1,0.05,5979.49,4546.02,1433.47,Debit Card,5,4.1,No,Not Applicable,2025,1,January,Q1,23.97
ORD00492,2025-04-25,2025-04-27,Express Delivery,CUST0159,Ravi Patel,Consumer,Telangana,Warangal,India,6,Electronics,Televisions,Samsung 43-inch Smart TV,44483.29,1,0.05,42259.13,34320.9,7938.23,UPI,2,5.0,No,Not Applicable,2025,4,April,Q2,18.78
ORD00493,2025-06-02,2025-06-06,Standard Delivery,CUST0104,Aarav Sharma,Consumer,Delhi,New Delhi,India,19,Beauty & Personal Care,Skincare,Lakme Face Cream,682.26,3,0.05,1944.44,1185.1,759.34,UPI,4,4.9,No,Not Applicable,2025,6,June,Q2,39.05
ORD00494,2025-07-01,2025-07-05,Standard Delivery,CUST0059,Pooja Gupta,Small Business,Telangana,Warangal,India,6,Electronics,Televisions,Samsung 43-inch Smart TV,42192.64,1,0.15,35863.74,34037.14,1826.6,Credit Card,4,3.7,No,Not Applicable,2025,7,July,Q3,5.09
ORD00495,2025-11-27,2025-11-28,Same Day Delivery,CUST0014,Manish Sharma,Consumer,Maharashtra,Mumbai,India,17,Fashion,Womens Wear,Biba Kurti,2491.12,1,0.1,2242.01,1484.87,757.14,Credit Card,1,3.4,No,Not Applicable,2025,11,November,Q4,33.77
ORD00496,2025-01-19,2025-01-24,Standard Delivery,CUST0136,Priya Gupta,Corporate,Delhi,New Delhi,India,12,Home Appliances,Washing Machines,Samsung 7kg Washing Machine,32762.66,1,0.05,31124.53,25527.23,5597.3,Wallet,5,3.8,No,Not Applicable,2025,1,January,Q1,17.98
ORD00497,2025-10-18,2025-10-19,Same Day Delivery,CUST0053,Manish Gupta,Corporate,Tamil Nadu,Madurai,India,20,Beauty & Personal Care,Hair Care,Mamaearth Shampoo,604.53,1,0.2,483.62,328.26,155.36,UPI,1,5.0,No,Not Applicable,2025,10,October,Q4,32.12
ORD00498,2025-07-24,2025-07-27,Standard Delivery,CUST0125,Shreya Nair,Consumer,Telangana,Warangal,India,9,Home Appliances,Kitchen Appliances,Philips Air Fryer,8869.82,2,0.1,15965.68,12682.95,3282.73,Wallet,3,4.8,No,Not Applicable,2025,7,July,Q3,20.56
ORD00499,2025-01-28,2025-02-03,Standard Delivery,CUST0066,Rohan Joshi,Corporate,Gujarat,Surat,India,13,Home & Furniture,Furniture,Nilkamal Office Chair,8109.71,3,0.2,19463.3,16343.34,3119.96,UPI,6,3.7,No,Not Applicable,2025,1,January,Q1,16.03
ORD00500,2025-09-21,2025-09-25,Standard Delivery,CUST0003,Sneha Das,Consumer,Telangana,Warangal,India,16,Fashion,Mens Wear,Allen Solly Formal Shirt,1965.87,2,0.05,3735.15,2282.76,1452.39,Wallet,4,4.9,No,Not Applicable,2025,9,September,Q3,38.88
